Date,ECRPUS 1Y Index,SPXSFRCS Index,FDTRFTRL Index,,success
1/3/20,30,3318,1.5,43833,1
1/6/20,30,3318,1.5,43836,0
1/7/20,30,3318,1.5,43837,0
1/8/20,30,3318,1.5,43838,0
1/9/20,30,3318,1.5,43839,0
1/10/20,30,3318,1.5,43840,0
1/13/20,30,3318,1.5,43843,0
1/14/20,30,3318,1.5,43844,0
1/15/20,30,3318,1.5,43845,0
1/16/20,30,3318,1.5,43846,0
1/17/20,30,3318,1.5,43847,0
1/21/20,30,3355,1.5,43851,0
1/22/20,30,3355,1.5,43852,-1
1/23/20,30,3355,1.5,43853,-1
1/24/20,30,3355,1.5,43854,-1
1/27/20,30,3355,1.5,43857,-1
1/28/20,30,3355,1.5,43858,0
1/29/20,30,3355,1.5,43859,1
1/30/20,30,3355,1.5,43860,1
1/31/20,30,3355,1.5,43861,1
2/3/20,30,3355,1.5,43864,0
2/4/20,30,3355,1.5,43865,0
2/5/20,30,3355,1.5,43866,0
2/6/20,30,3355,1.5,43867,0
2/7/20,30,3355,1.5,43868,0
2/10/20,30,3355,1.5,43871,0
2/11/20,30,3355,1.5,43872,0
2/12/20,30,3355,1.5,43873,0
2/13/20,30,3355,1.5,43874,0
2/14/20,25,3355,1.5,43875,0
2/18/20,25,3355,1.5,43879,-1
2/19/20,25,3355,1.5,43880,-1
2/20/20,25,3342,1.5,43881,-1
2/21/20,25,3342,1.5,43882,-1
2/24/20,25,3342,1.5,43885,-1
2/25/20,25,3342,1.5,43886,-1
2/26/20,25,3342,1.5,43887,1
2/27/20,25,3342,1.5,43888,1
2/28/20,25,3342,1.5,43889,1
3/2/20,25,3342,1.5,43892,0
3/3/20,25,3342,1,43893,1
3/4/20,25,3342,1,43894,-1
3/5/20,25,3342,1,43895,-1
3/6/20,25,3342,1,43896,-1
3/9/20,25,3342,1,43899,-1
3/10/20,25,3342,1,43900,1
3/11/20,25,3342,1,43901,-1
3/12/20,25,3342,1,43902,-1
3/13/20,40,3342,1,43903,1
3/16/20,40,3342,0,43906,-1
3/17/20,40,3342,0,43907,1
3/18/20,40,3176,0,43908,1
3/19/20,40,3176,0,43909,1
3/20/20,40,3176,0,43910,1
3/23/20,40,3176,0,43913,1
3/24/20,40,3176,0,43914,0
3/25/20,40,3176,0,43915,1
3/26/20,40,3039,0,43916,0
3/27/20,40,3039,0,43917,1
3/30/20,40,3039,0,43920,1
3/31/20,40,3039,0,43921,1
4/1/20,40,3039,0,43922,1
4/2/20,40,3039,0,43923,0
4/3/20,40,3039,0,43924,1
4/6/20,40,3039,0,43927,0
4/7/20,40,3039,0,43928,0
4/8/20,40,3039,0,43929,0
4/9/20,52.5,3039,0,43930,0
4/13/20,100,3039,0,43934,1
4/14/20,100,3039,0,43935,0
4/15/20,100,2960,0,43936,1
4/16/20,100,2960,0,43937,0
4/17/20,100,2960,0,43938,1
4/20/20,100,2960,0,43941,1
4/21/20,100,2960,0,43942,1
4/22/20,100,2960,0,43943,0
4/23/20,100,2960,0,43944,0
4/24/20,100,2960,0,43945,0
4/27/20,100,2960,0,43948,0
4/28/20,100,2960,0,43949,0
4/29/20,100,2960,0,43950,1
4/30/20,100,2960,0,43951,-1
5/1/20,100,2960,0,43952,1
5/4/20,100,2960,0,43955,1
5/5/20,100,2960,0,43956,0
5/6/20,100,2960,0,43957,0
5/7/20,100,2960,0,43958,0
5/8/20,100,2960,0,43959,0
5/11/20,100,2960,0,43962,1
5/12/20,100,2960,0,43963,1
5/13/20,100,2960,0,43964,1
5/14/20,100,2960,0,43965,1
5/15/20,100,2960,0,43966,1
5/18/20,100,2933,0,43969,0
5/19/20,100,2933,0,43970,1
5/20/20,100,2933,0,43971,0
5/21/20,100,2933,0,43972,1
5/22/20,100,2933,0,43973,0
5/26/20,100,2933,0,43977,0
5/27/20,100,2933,0,43978,0
5/28/20,100,2933,0,43979,1
5/29/20,100,2933,0,43980,1
6/1/20,100,2933,0,43983,0
6/2/20,100,2933,0,43984,0
6/3/20,100,2933,0,43985,0
6/4/20,100,2933,0,43986,1
6/5/20,100,2933,0,43987,0
6/8/20,100,2933,0,43990,0
6/9/20,100,2933,0,43991,-1
6/10/20,100,2933,0,43992,-1
6/11/20,100,2933,0,43993,-1
6/12/20,100,2933,0,43994,1
6/15/20,100,2933,0,43997,1
6/16/20,100,2933,0,43998,0
6/17/20,100,2999,0,43999,1
6/18/20,100,2999,0,44000,1
6/19/20,100,2999,0,44001,1
6/22/20,100,2999,0,44004,1
6/23/20,100,2999,0,44005,1
6/24/20,100,2999,0,44006,-1
6/25/20,100,2999,0,44007,1
6/26/20,100,2999,0,44008,1
6/29/20,100,2999,0,44011,0
6/30/20,100,2999,0,44012,0
7/1/20,100,2999,0,44013,0
7/2/20,100,2999,0,44014,0
7/6/20,100,2999,0,44018,0
7/7/20,100,2999,0,44019,1
7/8/20,100,2999,0,44020,0
7/9/20,100,2999,0,44021,1
7/10/20,100,2999,0,44022,0
7/13/20,100,2999,0,44025,1
7/14/20,100,2999,0,44026,0
7/15/20,100,2999,0,44027,0
7/16/20,100,2999,0,44028,0
7/17/20,100,3108,0,44029,0
7/20/20,100,3108,0,44032,0
7/21/20,100,3108,0,44033,0
7/22/20,100,3108,0,44034,1
7/23/20,100,3108,0,44035,-1
7/24/20,100,3108,0,44036,1
7/27/20,100,3108,0,44039,0
7/28/20,100,3108,0,44040,1
7/29/20,100,3108,0,44041,0
7/30/20,100,3108,0,44042,1
7/31/20,100,3108,0,44043,0
8/3/20,100,3108,0,44046,0
8/4/20,100,3108,0,44047,0
8/5/20,100,3108,0,44048,0
8/6/20,100,3108,0,44049,0
8/7/20,100,3108,0,44050,0
8/10/20,100,3108,0,44053,0
8/11/20,100,3108,0,44054,1
8/12/20,100,3108,0,44055,0
8/13/20,100,3108,0,44056,0
8/14/20,100,3108,0,44057,0
8/17/20,100,3108,0,44060,0
8/18/20,100,3198,0,44061,0
8/19/20,100,3198,0,44062,1
8/20/20,100,3198,0,44063,0
8/21/20,100,3198,0,44064,0
8/24/20,100,3198,0,44067,0
8/25/20,100,3198,0,44068,0
8/26/20,100,3198,0,44069,0
8/27/20,100,3198,0,44070,0
8/28/20,100,3198,0,44071,0
8/31/20,100,3198,0,44074,0
9/1/20,100,3198,0,44075,-1
9/2/20,100,3198,0,44076,-1
9/3/20,100,3198,0,44077,-1
9/4/20,100,3198,0,44078,-1
9/8/20,100,3198,0,44082,-1
9/9/20,100,3198,0,44083,0
9/10/20,100,3198,0,44084,1
9/11/20,60,3198,0,44085,0
9/14/20,50,3198,0,44088,0
9/15/20,50,3198,0,44089,-1
9/16/20,50,3286,0,44090,-1
9/17/20,50,3286,0,44091,-1
9/18/20,50,3286,0,44092,-1
9/21/20,50,3286,0,44095,1
9/22/20,50,3286,0,44096,1
9/23/20,50,3286,0,44097,1
9/24/20,50,3286,0,44098,0
9/25/20,50,3286,0,44099,0
9/28/20,50,3286,0,44102,0
9/29/20,50,3286,0,44103,0
9/30/20,50,3286,0,44104,0
10/1/20,50,3286,0,44105,1
10/2/20,50,3286,0,44106,1
10/5/20,50,3286,0,44109,0
10/6/20,50,3286,0,44110,1
10/7/20,50,3286,0,44111,0
10/8/20,50,3286,0,44112,0
10/9/20,35,3286,0,44113,0
10/12/20,30,3286,0,44116,0
10/13/20,30,3286,0,44117,-1
10/14/20,30,3286,0,44118,1
10/15/20,30,3286,0,44119,1
10/16/20,30,3348,0,44120,-1
10/19/20,30,3348,0,44123,-1
10/20/20,30,3348,0,44124,0
10/21/20,30,3348,0,44125,0
10/22/20,30,3348,0,44126,-1
10/23/20,30,3348,0,44127,-1
10/26/20,30,3348,0,44130,-1
10/27/20,30,3348,0,44131,1
10/28/20,30,3348,0,44132,1
10/29/20,30,3348,0,44133,1
10/30/20,30,3348,0,44134,1
11/2/20,30,3348,0,44137,0
11/3/20,30,3348,0,44138,0
11/4/20,30,3348,0,44139,0
11/5/20,30,3348,0,44140,0
11/6/20,30,3348,0,44141,0
11/9/20,30,3348,0,44144,0
11/10/20,30,3348,0,44145,1
11/11/20,30,3348,0,44146,0
11/12/20,30,3348,0,44147,1
11/13/20,25,3348,0,44148,0
11/16/20,25,3348,0,44151,0
11/17/20,25,3420,0,44152,1
11/18/20,25,3420,0,44153,1
11/19/20,25,3420,0,44154,0
11/20/20,25,3420,0,44155,0
11/23/20,25,3420,0,44158,0
11/24/20,25,3420,0,44159,0
11/25/20,25,3420,0,44160,1
11/27/20,25,3420,0,44162,0
11/30/20,25,3420,0,44165,1
12/1/20,25,3420,0,44166,0
12/2/20,25,3420,0,44167,0
12/3/20,25,3420,0,44168,0
12/4/20,25,3420,0,44169,0
12/7/20,25,3420,0,44172,-1
12/8/20,25,3420,0,44173,1
12/9/20,25,3420,0,44174,-1
12/10/20,25,3420,0,44175,1
12/11/20,20,4035,0,44176,1
12/14/20,20,4035,0,44179,0
12/15/20,20,4035,0,44180,0
12/16/20,20,4035,0,44181,0
12/17/20,20,4035,0,44182,1
12/18/20,20,4035,0,44183,1
12/21/20,20,4035,0,44186,1
12/22/20,20,4035,0,44187,0
12/23/20,20,4035,0,44188,0
12/24/20,20,4035,0,44189,0
12/28/20,20,4035,0,44193,0
12/29/20,20,4035,0,44194,0
12/30/20,20,4035,0,44195,1
12/31/20,20,4035,0,44196,1
1/4/21,20,4035,0,44200,1
1/5/21,20,4035,0,44201,0
1/6/21,20,4035,0,44202,0
1/7/21,20,4035,0,44203,0
1/8/21,20,4035,0,44204,0
1/11/21,20,4035,0,44207,1
1/12/21,20,4035,0,44208,0
1/13/21,20,4035,0,44209,1
1/14/21,20,4035,0,44210,1
1/15/21,20,4035,0,44211,1
1/19/21,20,4035,0,44215,0
1/20/21,20,4074,0,44216,0
1/21/21,20,4074,0,44217,1
1/22/21,20,4074,0,44218,1
1/25/21,20,4074,0,44221,1
1/26/21,20,4074,0,44222,-1
1/27/21,20,4074,0,44223,-1
1/28/21,20,4074,0,44224,1
1/29/21,20,4074,0,44225,1
2/1/21,20,4074,0,44228,0
2/2/21,20,4074,0,44229,0
2/3/21,20,4074,0,44230,0
2/4/21,20,4074,0,44231,0
2/5/21,20,4074,0,44232,0
2/8/21,20,4074,0,44235,0
2/9/21,20,4074,0,44236,1
2/10/21,20,4074,0,44237,0
2/11/21,20,4074,0,44238,0
2/12/21,20,4074,0,44239,0
2/16/21,20,4074,0,44243,-1
2/17/21,20,4074,0,44244,1
2/18/21,20,4074,0,44245,-1
2/19/21,20,4074,0,44246,1
2/22/21,20,4074,0,44249,1
2/23/21,20,4099,0,44250,1
2/24/21,20,4099,0,44251,1
2/25/21,20,4099,0,44252,-1
2/26/21,20,4099,0,44253,1
3/1/21,20,4099,0,44256,0
3/2/21,20,4099,0,44257,1
3/3/21,20,4099,0,44258,1
3/4/21,20,4099,0,44259,1
3/5/21,15,4099,0,44260,1
3/8/21,15,4099,0,44263,0
3/9/21,15,4099,0,44264,0
3/10/21,15,4099,0,44265,0
3/11/21,15,4099,0,44266,0
3/12/21,15,4099,0,44267,0
3/15/21,15,4099,0,44270,0
3/16/21,15,4099,0,44271,-1
3/17/21,15,4099,0,44272,-1
3/18/21,15,4099,0,44273,-1
3/19/21,15,4099,0,44274,0
3/22/21,15,4099,0,44277,0
3/23/21,15,4099,0,44278,1
3/24/21,15,4099,0,44279,1
3/25/21,15,4099,0,44280,1
3/26/21,15,4099,0,44281,0
3/29/21,15,4099,0,44284,0
3/30/21,15,4099,0,44285,0
3/31/21,15,4099,0,44286,0
4/1/21,15,4099,0,44287,0
4/5/21,15,4099,0,44291,0
4/6/21,15,4099,0,44292,0
4/7/21,15,4099,0,44293,0
4/8/21,15,4099,0,44294,0
4/9/21,12,4099,0,44295,0
4/12/21,12,4099,0,44298,0
4/13/21,12,4099,0,44299,0
4/14/21,12,4099,0,44300,0
4/15/21,12,4099,0,44301,0
4/16/21,12,4099,0,44302,1
4/19/21,12,4130,0,44305,1
4/20/21,12,4130,0,44306,1
4/21/21,12,4130,0,44307,0
4/22/21,12,4130,0,44308,1
4/23/21,12,4130,0,44309,0
4/26/21,12,4130,0,44312,0
4/27/21,12,4130,0,44313,0
4/28/21,12,4130,0,44314,0
4/29/21,12,4130,0,44315,0
4/30/21,12,4130,0,44316,1
5/3/21,12,4130,0,44319,1
5/4/21,12,4130,0,44320,1
5/5/21,12,4130,0,44321,0
5/6/21,12,4130,0,44322,0
5/7/21,12,4130,0,44323,-1
5/10/21,12,4130,0,44326,-1
5/11/21,12,4130,0,44327,-1
5/12/21,12,4130,0,44328,1
5/13/21,12,4130,0,44329,0
5/14/21,10,4199,0,44330,0
5/17/21,10,4199,0,44333,1
5/18/21,10,4199,0,44334,1
5/19/21,10,4199,0,44335,1
5/20/21,10,4199,0,44336,0
5/21/21,10,4199,0,44337,0
5/24/21,10,4199,0,44340,0
5/25/21,10,4199,0,44341,0
5/26/21,10,4199,0,44342,0
5/27/21,10,4199,0,44343,0
5/28/21,10,4199,0,44344,0
6/1/21,10,4199,0,44348,0
6/2/21,10,4199,0,44349,0
6/3/21,10,4199,0,44350,0
6/4/21,10,4199,0,44351,0
6/7/21,10,4199,0,44354,0
6/8/21,10,4199,0,44355,0
6/9/21,10,4199,0,44356,0
6/10/21,10,4199,0,44357,0
6/11/21,10,4199,0,44358,0
6/14/21,10,4199,0,44361,1
6/15/21,10,4199,0,44362,1
6/16/21,10,4213,0,44363,1
6/17/21,10,4213,0,44364,1
6/18/21,10,4213,0,44365,1
6/21/21,10,4213,0,44368,0
6/22/21,10,4213,0,44369,0
6/23/21,10,4213,0,44370,0
6/24/21,10,4213,0,44371,0
6/25/21,10,4213,0,44372,0
6/28/21,10,4213,0,44375,0
6/29/21,10,4213,0,44376,0
6/30/21,10,4213,0,44377,0
7/1/21,10,4213,0,44378,0
7/2/21,10,4213,0,44379,0
7/6/21,10,4213,0,44383,1
7/7/21,10,4213,0,44384,1
7/8/21,10,4213,0,44385,1
7/9/21,10,4213,0,44386,0
7/12/21,10,4213,0,44389,0
7/13/21,10,4213,0,44390,-1
7/14/21,10,4213,0,44391,1
7/15/21,10,4213,0,44392,1
7/16/21,10,4242,0,44393,1
7/19/21,10,4242,0,44396,1
7/20/21,10,4242,0,44397,0
7/21/21,10,4242,0,44398,0
7/22/21,10,4242,0,44399,0
7/23/21,10,4242,0,44400,0
7/26/21,10,4242,0,44403,0
7/27/21,10,4242,0,44404,1
7/28/21,10,4242,0,44405,0
7/29/21,10,4242,0,44406,0
7/30/21,10,4242,0,44407,1
8/2/21,10,4242,0,44410,0
8/3/21,10,4242,0,44411,0
8/4/21,10,4242,0,44412,0
8/5/21,10,4242,0,44413,0
8/6/21,10,4242,0,44414,0
8/9/21,10,4242,0,44417,0
8/10/21,10,4242,0,44418,0
8/11/21,10,4242,0,44419,0
8/12/21,10,4242,0,44420,0
8/13/21,10,4242,0,44421,0
8/16/21,10,4242,0,44424,1
8/17/21,10,4242,0,44425,1
8/18/21,10,4242,0,44426,1
8/19/21,10,4242,0,44427,0
8/20/21,10,4335,0,44428,0
8/23/21,10,4335,0,44431,0
8/24/21,10,4335,0,44432,0
8/25/21,10,4335,0,44433,0
8/26/21,10,4335,0,44434,0
8/27/21,10,4335,0,44435,0
8/30/21,10,4335,0,44438,0
8/31/21,10,4335,0,44439,0
9/1/21,10,4335,0,44440,0
9/2/21,10,4335,0,44441,0
9/3/21,10,4335,0,44442,0
9/7/21,10,4335,0,44446,0
9/8/21,10,4335,0,44447,-1
9/9/21,10,4335,0,44448,-1
9/10/21,10,4335,0,44449,-1
9/13/21,10,4335,0,44452,0
9/14/21,10,4335,0,44453,0
9/15/21,10,4335,0,44454,0
9/16/21,10,4335,0,44455,-1
9/17/21,10,4335,0,44456,-1
9/20/21,10,4335,0,44459,1
9/21/21,10,4466,0,44460,0
9/22/21,10,4466,0,44461,0
9/23/21,10,4466,0,44462,0
9/24/21,10,4466,0,44463,-1
9/27/21,10,4466,0,44466,-1
9/28/21,10,4466,0,44467,-1
9/29/21,10,4466,0,44468,1
9/30/21,10,4466,0,44469,1
10/1/21,10,4466,0,44470,0
10/4/21,10,4466,0,44473,1
10/5/21,10,4466,0,44474,0
10/6/21,10,4466,0,44475,1
10/7/21,10,4466,0,44476,0
10/8/21,10,4466,0,44477,1
10/11/21,10,4466,0,44480,1
10/12/21,10,4466,0,44481,0
10/13/21,10,4466,0,44482,0
10/14/21,10,4466,0,44483,0
10/15/21,15,4466,0,44484,0
10/18/21,15,4466,0,44487,0
10/19/21,15,4466,0,44488,0
10/20/21,15,4466,0,44489,0
10/21/21,15,4466,0,44490,0
10/22/21,15,4466,0,44491,0
10/25/21,15,4466,0,44494,0
10/26/21,15,4466,0,44495,0
10/27/21,15,4466,0,44496,0
10/28/21,15,4466,0,44497,0
10/29/21,15,4466,0,44498,0
11/1/21,15,4466,0,44501,0
11/2/21,15,4466,0,44502,0
11/3/21,15,4466,0,44503,0
11/4/21,15,4466,0,44504,0
11/5/21,15,4466,0,44505,0
11/8/21,15,4466,0,44508,1
11/9/21,15,4466,0,44509,1
11/10/21,15,4466,0,44510,1
11/11/21,15,4466,0,44511,0
11/12/21,15,4466,0,44512,0
11/15/21,15,4466,0,44515,0
11/16/21,15,4466,0,44516,0
11/17/21,15,4466,0,44517,0
11/18/21,15,4466,0,44518,0
11/19/21,15,4843,0,44519,-1
11/22/21,15,4843,0,44522,0
11/23/21,15,4843,0,44523,-1
11/24/21,15,4843,0,44524,-1
11/26/21,15,4843,0,44526,-1
11/29/21,15,4843,0,44529,1
11/30/21,15,4843,0,44530,1
12/1/21,15,4843,0,44531,1
12/2/21,15,4843,0,44532,0
12/3/21,15,4843,0,44533,1
12/6/21,15,4843,0,44536,0
12/7/21,15,4843,0,44537,0
12/8/21,15,4843,0,44538,0
12/9/21,15,4843,0,44539,1
12/10/21,15,4843,0,44540,1
12/13/21,15,4843,0,44543,1
12/14/21,15,4843,0,44544,1
12/15/21,15,4843,0,44545,0
12/16/21,15,4950,0,44546,1
12/17/21,15,4950,0,44547,1
12/20/21,15,4950,0,44550,1
12/21/21,15,4950,0,44551,0
12/22/21,15,4950,0,44552,0
12/23/21,15,4950,0,44553,0
12/27/21,15,4950,0,44557,0
12/28/21,15,4950,0,44558,0
12/29/21,15,4950,0,44559,0
12/30/21,15,4950,0,44560,0
12/31/21,15,4950,0,44561,0
1/3/22,15,4950,0,44564,-1
1/4/22,15,4950,0,44565,-1
1/5/22,15,4950,0,44566,-1
1/6/22,15,4950,0,44567,1
1/7/22,15,4950,0,44568,1
1/10/22,15,4950,0,44571,1
1/11/22,15,4950,0,44572,0
1/12/22,15,4950,0,44573,-1
1/13/22,15,4950,0,44574,-1
1/14/22,15,4950,0,44575,1
1/18/22,15,4950,0,44579,-1
1/19/22,15,4982,0,44580,1
1/20/22,15,4982,0,44581,-1
1/21/22,15,4982,0,44582,-1
1/24/22,15,4982,0,44585,1
1/25/22,15,4982,0,44586,1
1/26/22,15,4982,0,44587,1
1/27/22,15,4982,0,44588,1
1/28/22,15,4982,0,44589,0
1/31/22,15,4982,0,44592,0
2/1/22,15,4982,0,44593,0
2/2/22,15,4982,0,44594,1
2/3/22,15,4982,0,44595,1
2/4/22,15,4982,0,44596,0
2/7/22,15,4982,0,44599,0
2/8/22,15,4982,0,44600,0
2/9/22,15,4982,0,44601,-1
2/10/22,15,4982,0,44602,-1
2/11/22,15,4982,0,44603,-1
2/14/22,15,4982,0,44606,1
2/15/22,15,4982,0,44607,0
2/16/22,15,4982,0,44608,-1
2/17/22,15,4933,0,44609,-1
2/18/22,15,4933,0,44610,1
2/22/22,15,4933,0,44614,1
2/23/22,15,4933,0,44615,1
2/24/22,15,4933,0,44616,1
2/25/22,15,4933,0,44617,0
2/28/22,15,4933,0,44620,1
3/1/22,15,4933,0,44621,1
3/2/22,15,4933,0,44622,0
3/3/22,15,4933,0,44623,-1
3/4/22,15,4933,0,44624,-1
3/7/22,15,4933,0,44627,-1
3/8/22,15,4933,0,44628,1
3/9/22,20,4933,0,44629,0
3/10/22,20,4933,0,44630,1
3/11/22,20,4933,0,44631,1
3/14/22,20,4933,0,44634,1
3/15/22,20,4933,0,44635,0
3/16/22,20,4933,0.25,44636,0
3/17/22,20,4904,0.25,44637,0
3/18/22,20,4904,0.25,44638,0
3/21/22,20,4904,0.25,44641,0
3/22/22,20,4904,0.25,44642,0
3/23/22,20,4904,0.25,44643,1
3/24/22,20,4904,0.25,44644,0
3/25/22,20,4904,0.25,44645,0
3/28/22,20,4904,0.25,44648,0
3/29/22,20,4904,0.25,44649,0
3/30/22,20,4904,0.25,44650,-1
3/31/22,20,4904,0.25,44651,-1
4/1/22,20,4904,0.25,44652,0
4/4/22,20,4904,0.25,44655,-1
4/5/22,20,4904,0.25,44656,-1
4/6/22,20,4904,0.25,44657,-1
4/7/22,20,4904,0.25,44658,-1
4/8/22,25,4904,0.25,44659,-1
4/11/22,25,4904,0.25,44662,-1
4/12/22,25,4904,0.25,44663,0
4/13/22,25,4904,0.25,44664,0
4/14/22,25,4904,0.25,44665,1
4/18/22,25,4868,0.25,44669,0
4/19/22,25,4868,0.25,44670,0
4/20/22,25,4868,0.25,44671,-1
4/21/22,25,4868,0.25,44672,-1
4/22/22,25,4868,0.25,44673,-1
4/25/22,25,4868,0.25,44676,1
4/26/22,25,4868,0.25,44677,1
4/27/22,25,4868,0.25,44678,1
4/28/22,25,4868,0.25,44679,1
4/29/22,25,4868,0.25,44680,1
5/2/22,25,4868,0.25,44683,1
5/3/22,25,4868,0.25,44684,1
5/4/22,25,4868,0.75,44685,-1
5/5/22,25,4868,0.75,44686,-1
5/6/22,25,4868,0.75,44687,-1
5/9/22,25,4868,0.75,44690,-1
5/10/22,25,4868,0.75,44691,1
5/11/22,25,4868,0.75,44692,1
5/12/22,25,4868,0.75,44693,1
5/13/22,30,4868,0.75,44694,0
5/16/22,30,4868,0.75,44697,1
5/17/22,30,4787,0.75,44698,-1
5/18/22,30,4743,0.75,44699,-1
5/19/22,30,4743,0.75,44700,1
5/20/22,30,4743,0.75,44701,1
5/23/22,30,4743,0.75,44704,0
5/24/22,30,4743,0.75,44705,1
5/25/22,30,4743,0.75,44706,0
5/26/22,30,4743,0.75,44707,0
5/27/22,30,4743,0.75,44708,0
5/31/22,30,4743,0.75,44712,1
6/1/22,30,4743,0.75,44713,1
6/2/22,30,4743,0.75,44714,0
6/3/22,30,4743,0.75,44715,-1
6/6/22,30,4743,0.75,44718,0
6/7/22,30,4743,0.75,44719,1
6/8/22,30,4743,0.75,44720,-1
6/9/22,31.5,4743,0.75,44721,-1
6/10/22,31.5,4743,0.75,44722,-1
6/13/22,31.5,4743,0.75,44725,-1
6/14/22,31.5,4743,0.75,44726,1
6/15/22,31.5,4617,1.5,44727,1
6/16/22,31.5,4617,1.5,44728,1
6/17/22,33,4617,1.5,44729,0
6/21/22,33,4617,1.5,44733,0
6/22/22,33,4617,1.5,44734,1
6/23/22,33,4617,1.5,44735,0
6/24/22,33,4617,1.5,44736,0
6/27/22,33,4617,1.5,44739,-1
6/28/22,33,4617,1.5,44740,-1
6/29/22,33,4617,1.5,44741,1
6/30/22,33,4617,1.5,44742,1
7/1/22,33,4617,1.5,44743,1
7/5/22,33,4617,1.5,44747,1
7/6/22,33,4617,1.5,44748,0
7/7/22,33,4617,1.5,44749,0
7/8/22,33,4617,1.5,44750,1
7/11/22,33,4617,1.5,44753,1
7/12/22,33,4617,1.5,44754,1
7/13/22,33,4617,1.5,44755,1
7/14/22,33,4617,1.5,44756,1
7/15/22,40,4442,1.5,44757,0
7/18/22,40,4442,1.5,44760,1
7/19/22,40,4442,1.5,44761,0
7/20/22,40,4442,1.5,44762,0
7/21/22,40,4442,1.5,44763,0
7/22/22,40,4442,1.5,44764,1
7/25/22,40,4442,1.5,44767,1
7/26/22,40,4442,1.5,44768,1
7/27/22,40,4442,2.25,44769,0
7/28/22,40,4442,2.25,44770,0
7/29/22,40,4442,2.25,44771,0
8/1/22,40,4442,2.25,44774,1
8/2/22,40,4442,2.25,44775,0
8/3/22,40,4442,2.25,44776,0
8/4/22,40,4442,2.25,44777,1
8/5/22,40,4442,2.25,44778,1
8/8/22,40,4442,2.25,44781,0
8/9/22,40,4442,2.25,44782,0
8/10/22,40,4442,2.25,44783,0
8/11/22,40,4442,2.25,44784,0
8/12/22,50,4442,2.25,44785,0
8/15/22,50,4442,2.25,44788,0
8/16/22,50,4376,2.25,44789,-1
8/17/22,50,4376,2.25,44790,-1
8/18/22,50,4376,2.25,44791,-1
8/19/22,50,4376,2.25,44792,-1
8/22/22,50,4376,2.25,44795,-1
8/23/22,50,4376,2.25,44796,0
8/24/22,50,4376,2.25,44797,-1
8/25/22,50,4376,2.25,44798,-1
8/26/22,50,4376,2.25,44799,-1
8/29/22,50,4376,2.25,44802,-1
8/30/22,50,4376,2.25,44803,-1
8/31/22,50,4376,2.25,44804,1
9/1/22,50,4376,2.25,44805,1
9/2/22,50,4376,2.25,44806,1
9/6/22,50,4376,2.25,44810,0
9/7/22,50,4376,2.25,44811,0
9/8/22,50,4376,2.25,44812,0
9/9/22,50,4376,2.25,44813,-1
9/12/22,50,4376,2.25,44816,-1
9/13/22,50,4376,2.25,44817,-1
9/14/22,50,4376,2.25,44818,-1
9/15/22,50,4346,2.25,44819,-1
9/16/22,50,4346,2.25,44820,1
9/19/22,50,4346,2.25,44823,1
9/20/22,50,4346,2.25,44824,1
9/21/22,50,4346,3,44825,-1
9/22/22,50,4346,3,44826,-1
9/23/22,50,4346,3,44827,-1
9/26/22,50,4346,3,44830,1
9/27/22,50,4346,3,44831,1
9/28/22,50,4346,3,44832,1
9/29/22,50,4346,3,44833,1
9/30/22,50,4346,3,44834,1
10/3/22,50,4346,3,44837,0
10/4/22,50,4346,3,44838,0
10/5/22,50,4346,3,44839,1
10/6/22,50,4346,3,44840,-1
10/7/22,50,4346,3,44841,-1
10/10/22,50,4346,3,44844,1
10/11/22,50,4346,3,44845,1
10/12/22,50,4346,3,44846,1
10/13/22,50,4346,3,44847,1
10/14/22,60,4346,3,44848,1
10/17/22,60,4054,3,44851,0
10/18/22,60,4054,3,44852,0
10/19/22,60,4054,3,44853,1
10/20/22,60,4054,3,44854,1
10/21/22,60,4054,3,44855,0
10/24/22,60,4054,3,44858,0
10/25/22,60,4054,3,44859,0
10/26/22,60,4054,3,44860,1
10/27/22,60,4054,3,44861,0
10/28/22,60,4054,3,44862,0
10/31/22,60,4054,3,44865,-1
11/1/22,60,4054,3,44866,-1
11/2/22,60,4054,3.75,44867,1
11/3/22,60,4054,3.75,44868,1
11/4/22,60,4054,3.75,44869,0
11/7/22,60,4054,3.75,44872,0
11/8/22,60,4054,3.75,44873,1
11/9/22,60,4054,3.75,44874,1
11/10/22,60,4054,3.75,44875,0
11/11/22,60,4054,3.75,44876,0
11/14/22,60,4054,3.75,44879,0
11/15/22,62.5,4054,3.75,44880,1
11/16/22,62.5,4054,3.75,44881,1
11/17/22,62.5,4054,3.75,44882,1
11/18/22,62.5,3931,3.75,44883,0
11/21/22,62.5,3931,3.75,44886,0
11/22/22,62.5,3931,3.75,44887,0
11/23/22,62.5,3931,3.75,44888,1
11/25/22,62.5,3931,3.75,44890,1
11/28/22,62.5,3931,3.75,44893,1
11/29/22,62.5,3931,3.75,44894,0
11/30/22,62.5,3931,3.75,44895,0
12/1/22,62.5,4009,3.75,44896,-1
12/2/22,62.5,4009,3.75,44897,-1
12/5/22,62.5,4009,3.75,44900,-1
12/6/22,62.5,4009,3.75,44901,1
12/7/22,62.5,4009,3.75,44902,0
12/8/22,62.5,4009,3.75,44903,0
12/9/22,62.5,4009,3.75,44904,0
12/12/22,60,4009,3.75,44907,0
12/13/22,60,4009,3.75,44908,-1
12/14/22,60,4009,4.25,44909,-1
12/15/22,60,4009,4.25,44910,-1
12/16/22,60,4009,4.25,44911,-1
12/19/22,60,4078,4.25,44914,1
12/20/22,65,4078,4.25,44915,1
12/21/22,65,4078,4.25,44916,1
12/22/22,65,4078,4.25,44917,-1
12/23/22,65,4078,4.25,44918,1
12/27/22,65,4078,4.25,44922,1
12/28/22,65,4078,4.25,44923,1
12/29/22,65,4078,4.25,44924,0
12/30/22,65,4078,4.25,44925,1
1/3/23,65,4078,4.25,44929,1
1/4/23,65,4078,4.25,44930,0
1/5/23,65,4078,4.25,44931,1
1/6/23,65,4078,4.25,44932,0
1/9/23,65,4078,4.25,44935,0
1/10/23,65,4078,4.25,44936,0
1/11/23,65,4078,4.25,44937,0
1/12/23,65,4078,4.25,44938,0
1/13/23,65,4078,4.25,44939,1
1/17/23,67.5,4078,4.25,44943,1
1/18/23,67.5,4078,4.25,44944,1
1/19/23,67.5,4078,4.25,44945,1
1/20/23,65,4050,4.25,44946,0
1/23/23,65,4050,4.25,44949,0
1/24/23,65,4050,4.25,44950,1
1/25/23,65,4050,4.25,44951,1
1/26/23,65,4050,4.25,44952,0
1/27/23,65,4050,4.25,44953,1
1/30/23,65,4050,4.25,44956,1
1/31/23,65,4050,4.25,44957,0
2/1/23,65,4050,4.5,44958,1
2/2/23,65,4050,4.5,44959,0
2/3/23,65,4050,4.5,44960,-1
2/6/23,65,4050,4.5,44963,1
2/7/23,65,4050,4.5,44964,0
2/8/23,65,4050,4.5,44965,-1
2/9/23,65,4050,4.5,44966,1
2/10/23,65,4050,4.5,44967,0
2/13/23,65,4050,4.5,44970,0
2/14/23,65,4050,4.5,44971,1
2/15/23,65,4050,4.5,44972,-1
2/16/23,65,4050,4.5,44973,-1
2/17/23,65,4050,4.5,44974,-1
2/21/23,65,4050,4.5,44978,-1
2/22/23,60,4050,4.5,44979,1
2/23/23,60,4050,4.5,44980,1
2/24/23,60,4050,4.5,44981,1
2/27/23,60,4050,4.5,44984,0
2/28/23,60,4050,4.5,44985,1
3/1/23,60,4050,4.5,44986,0
3/2/23,60,4050,4.5,44987,0
3/3/23,60,4050,4.5,44988,0
3/6/23,60,4050,4.5,44991,-1
3/7/23,60,4050,4.5,44992,-1
3/8/23,60,4050,4.5,44993,-1
3/9/23,60,4050,4.5,44994,-1
3/10/23,60,4050,4.5,44995,1
3/13/23,60,4050,4.5,44998,1
3/14/23,60,4050,4.5,44999,0
3/15/23,60,4050,4.5,45000,1
3/16/23,60,4050,4.5,45001,0
3/17/23,60,4050,4.5,45002,1
3/20/23,60,4050,4.5,45005,0
