trade_id,asset,dt_enter,dt_exit,success,n,rtn
1,IVV,1/3/20,1/8/20,1,4,0.002487582713292023
2,IVV,1/6/20,,0,3,
3,IVV,1/7/20,,0,3,
4,IVV,1/8/20,,0,3,
5,IVV,1/9/20,,0,3,
6,IVV,1/10/20,,0,3,
7,IVV,1/13/20,,0,3,
8,IVV,1/14/20,,0,3,
9,IVV,1/15/20,,0,3,
10,IVV,1/16/20,,0,3,
11,IVV,1/17/20,,0,3,
12,IVV,1/21/20,,0,3,
13,IVV,1/22/20,1/31/20,-1,8,-0.0023786894993227435
14,IVV,1/23/20,1/31/20,-1,7,-0.00274885268036833
15,IVV,1/24/20,1/31/20,-1,6,-0.003414238230378584
16,IVV,1/27/20,2/3/20,-1,6,-0.0006998840407425075
17,IVV,1/28/20,,0,3,
18,IVV,1/29/20,1/30/20,1,2,0.004975165426584046
19,IVV,1/30/20,2/4/20,1,4,0.002487582713292023
20,IVV,1/31/20,2/4/20,1,3,0.003316776951056031
21,IVV,2/3/20,,0,3,
22,IVV,2/4/20,,0,3,
23,IVV,2/5/20,,0,3,
24,IVV,2/6/20,,0,3,
25,IVV,2/7/20,,0,3,
26,IVV,2/10/20,,0,3,
27,IVV,2/11/20,,0,3,
28,IVV,2/12/20,,0,3,
29,IVV,2/13/20,,0,3,
30,IVV,2/14/20,,0,3,
31,IVV,2/18/20,2/27/20,-1,8,-0.014585640267478724
32,IVV,2/19/20,2/28/20,-1,8,-0.01546461308268613
33,IVV,2/20/20,2/27/20,-1,6,-0.01984425148104786
34,IVV,2/21/20,2/28/20,-1,6,-0.020733913683343774
35,IVV,2/24/20,3/2/20,-1,6,-0.011041426579481532
36,IVV,2/25/20,3/3/20,-1,6,-0.010232172000973204
37,IVV,2/26/20,3/3/20,1,5,0.0019900661706336183
38,IVV,2/27/20,3/3/20,1,4,0.002487582713292023
39,IVV,2/28/20,3/2/20,1,2,0.004975165426584046
40,IVV,3/2/20,,0,3,
41,IVV,3/3/20,3/4/20,1,2,0.004975165426584046
42,IVV,3/4/20,3/13/20,-1,8,-0.011819580554006021
43,IVV,3/5/20,3/12/20,-1,6,-0.03740467883442775
44,IVV,3/6/20,3/13/20,-1,6,-0.017005552462511387
45,IVV,3/9/20,3/16/20,-1,6,-0.034706740993635805
46,IVV,3/10/20,3/11/20,1,2,0.004975165426584046
47,IVV,3/11/20,3/18/20,-1,6,-0.02879331339106875
48,IVV,3/12/20,3/19/20,-1,6,-0.01987666641986501
49,IVV,3/13/20,3/17/20,1,3,0.003316776951056031
50,IVV,3/16/20,3/23/20,-1,6,-0.029922595674678133
51,IVV,3/17/20,3/18/20,1,2,0.004975165426584046
52,IVV,3/18/20,3/25/20,1,6,0.0016583884755280154
53,IVV,3/19/20,3/19/20,1,1,0.009950330853168092
54,IVV,3/20/20,3/24/20,1,3,0.003316776951056031
55,IVV,3/23/20,3/24/20,1,2,0.004975165426584046
56,IVV,3/24/20,,0,3,
57,IVV,3/25/20,3/25/20,1,1,0.009950330853168092
58,IVV,3/26/20,,0,3,
59,IVV,3/27/20,3/30/20,1,2,0.004975165426584046
60,IVV,3/30/20,4/6/20,1,6,0.0016583884755280154
61,IVV,3/31/20,4/6/20,1,5,0.0019900661706336183
62,IVV,4/1/20,4/6/20,1,4,0.002487582713292023
63,IVV,4/2/20,,0,3,
64,IVV,4/3/20,4/6/20,1,2,0.004975165426584046
65,IVV,4/6/20,,0,3,
66,IVV,4/7/20,,0,3,
67,IVV,4/8/20,,0,3,
68,IVV,4/9/20,,0,3,
69,IVV,4/13/20,4/14/20,1,2,0.004975165426584046
70,IVV,4/14/20,,0,3,
71,IVV,4/15/20,4/17/20,1,3,0.003316776951056031
72,IVV,4/16/20,,0,3,
73,IVV,4/17/20,4/22/20,1,4,0.002487582713292023
74,IVV,4/20/20,4/27/20,1,6,0.001658388475528052
75,IVV,4/21/20,4/23/20,1,3,0.003316776951056031
76,IVV,4/22/20,,0,3,
77,IVV,4/23/20,,0,3,
78,IVV,4/24/20,,0,3,
79,IVV,4/27/20,,0,3,
80,IVV,4/28/20,,0,3,
81,IVV,4/29/20,5/5/20,1,5,0.0019900661706336626
82,IVV,4/30/20,5/7/20,-1,6,-0.0014717306720422282
83,IVV,5/1/20,5/8/20,1,6,0.0016583884755280154
84,IVV,5/4/20,5/4/20,1,1,0.009950330853168092
85,IVV,5/5/20,,0,3,
86,IVV,5/6/20,,0,3,
87,IVV,5/7/20,,0,3,
88,IVV,5/8/20,,0,3,
89,IVV,5/11/20,5/18/20,1,6,0.0016583884755280154
90,IVV,5/12/20,5/18/20,1,5,0.0019900661706336626
91,IVV,5/13/20,5/18/20,1,4,0.002487582713292023
92,IVV,5/14/20,5/14/20,1,1,0.009950330853168092
93,IVV,5/15/20,5/15/20,1,1,0.009950330853168092
94,IVV,5/18/20,,0,3,
95,IVV,5/19/20,5/20/20,1,2,0.004975165426584046
96,IVV,5/20/20,,0,3,
97,IVV,5/21/20,5/26/20,1,4,0.002487582713292023
98,IVV,5/22/20,,0,3,
99,IVV,5/26/20,,0,3,
100,IVV,5/27/20,,0,3,
101,IVV,5/28/20,5/29/20,1,2,0.004975165426584046
102,IVV,5/29/20,5/29/20,1,1,0.009950330853168092
103,IVV,6/1/20,,0,3,
104,IVV,6/2/20,,0,3,
105,IVV,6/3/20,,0,3,
106,IVV,6/4/20,6/5/20,1,2,0.004975165426584046
107,IVV,6/5/20,,0,3,
108,IVV,6/8/20,,0,3,
109,IVV,6/9/20,6/16/20,-1,6,-0.004401233744303235
110,IVV,6/10/20,6/18/20,-1,7,-0.003249726000895695
111,IVV,6/11/20,6/18/20,-1,6,-0.002805554184266533
112,IVV,6/12/20,6/15/20,1,2,0.004975165426584046
113,IVV,6/15/20,6/15/20,1,1,0.009950330853168092
114,IVV,6/16/20,,0,3,
115,IVV,6/17/20,6/19/20,1,3,0.003316776951055957
116,IVV,6/18/20,6/22/20,1,3,0.003316776951056104
117,IVV,6/19/20,6/22/20,1,2,0.004975165426584046
118,IVV,6/22/20,6/30/20,1,7,0.0014214758361668703
119,IVV,6/23/20,7/1/20,1,7,0.0014214758361668703
120,IVV,6/24/20,7/1/20,-1,6,0.0009272832079846453
121,IVV,6/25/20,6/29/20,1,3,0.003316776951056031
122,IVV,6/26/20,6/30/20,1,3,0.003316776951056031
123,IVV,6/29/20,,0,3,
124,IVV,6/30/20,,0,3,
125,IVV,7/1/20,,0,3,
126,IVV,7/2/20,,0,3,
127,IVV,7/6/20,,0,3,
128,IVV,7/7/20,7/9/20,1,3,0.003316776951056031
129,IVV,7/8/20,,0,3,
130,IVV,7/9/20,7/10/20,1,2,0.004975165426584046
131,IVV,7/10/20,,0,3,
132,IVV,7/13/20,7/14/20,1,2,0.004975165426584046
133,IVV,7/14/20,,0,3,
134,IVV,7/15/20,,0,3,
135,IVV,7/16/20,,0,3,
136,IVV,7/17/20,,0,3,
137,IVV,7/20/20,,0,3,
138,IVV,7/21/20,,0,3,
139,IVV,7/22/20,7/29/20,1,6,0.0016583884755280154
140,IVV,7/23/20,7/30/20,-1,6,0.00018969983334333673
141,IVV,7/24/20,7/27/20,1,2,0.004975165426584046
142,IVV,7/27/20,,0,3,
143,IVV,7/28/20,7/30/20,1,3,0.003316776951056031
144,IVV,7/29/20,,0,3,
145,IVV,7/30/20,7/31/20,1,2,0.004975165426584046
146,IVV,7/31/20,,0,3,
147,IVV,8/3/20,,0,3,
148,IVV,8/4/20,,0,3,
149,IVV,8/5/20,,0,3,
150,IVV,8/6/20,,0,3,
151,IVV,8/7/20,,0,3,
152,IVV,8/10/20,,0,3,
153,IVV,8/11/20,8/12/20,1,2,0.004975165426584046
154,IVV,8/12/20,,0,3,
155,IVV,8/13/20,,0,3,
156,IVV,8/14/20,,0,3,
157,IVV,8/17/20,,0,3,
158,IVV,8/18/20,,0,3,
159,IVV,8/19/20,8/21/20,1,3,0.003316776951056031
160,IVV,8/20/20,,0,3,
161,IVV,8/21/20,,0,3,
162,IVV,8/24/20,,0,3,
163,IVV,8/25/20,,0,3,
164,IVV,8/26/20,,0,3,
165,IVV,8/27/20,,0,3,
166,IVV,8/28/20,,0,3,
167,IVV,8/31/20,,0,3,
168,IVV,9/1/20,9/11/20,-1,9,-0.003867729066336473
169,IVV,9/2/20,9/11/20,-1,8,-0.005519193608585802
170,IVV,9/3/20,9/11/20,-1,7,-0.008383269122937239
171,IVV,9/4/20,9/14/20,-1,7,-0.0014679166361665993
172,IVV,9/8/20,9/15/20,-1,6,0.000503340508547727
173,IVV,9/9/20,,0,3,
174,IVV,9/10/20,9/14/20,1,3,0.003316776951056031
175,IVV,9/11/20,,0,3,
176,IVV,9/14/20,,0,3,
177,IVV,9/15/20,9/24/20,-1,8,-0.004478271501718207
178,IVV,9/16/20,9/24/20,-1,7,-0.0058422755629225715
179,IVV,9/17/20,9/24/20,-1,6,-0.0061542196763844795
180,IVV,9/18/20,9/25/20,-1,6,-0.002028748560622674
181,IVV,9/21/20,9/22/20,1,2,0.004975165426584046
182,IVV,9/22/20,9/25/20,1,4,0.002487582713292023
183,IVV,9/23/20,9/28/20,1,4,0.002487582713292023
184,IVV,9/24/20,,0,3,
185,IVV,9/25/20,,0,3,
186,IVV,9/28/20,,0,3,
187,IVV,9/29/20,,0,3,
188,IVV,9/30/20,,0,3,
189,IVV,10/1/20,10/5/20,1,3,0.003316776951056031
190,IVV,10/2/20,10/5/20,1,2,0.004975165426584046
191,IVV,10/5/20,,0,3,
192,IVV,10/6/20,10/7/20,1,2,0.004975165426584046
193,IVV,10/7/20,,0,3,
194,IVV,10/8/20,,0,3,
195,IVV,10/9/20,,0,3,
196,IVV,10/12/20,,0,3,
197,IVV,10/13/20,10/21/20,-1,7,-0.0025729595233294532
198,IVV,10/14/20,10/16/20,1,3,0.003316776951056031
199,IVV,10/15/20,10/16/20,1,2,0.004975165426584046
200,IVV,10/16/20,10/26/20,-1,7,-0.0019496159719939253
201,IVV,10/19/20,10/26/20,-1,6,-0.002129674814021877
202,IVV,10/20/20,,0,3,
203,IVV,10/21/20,,0,3,
204,IVV,10/22/20,11/2/20,-1,8,-0.003386530842393782
205,IVV,10/23/20,11/2/20,-1,7,-0.004682035231473278
206,IVV,10/26/20,11/2/20,-1,6,-0.005992100251641884
207,IVV,10/27/20,11/4/20,1,7,0.0014214758361668703
208,IVV,10/28/20,11/3/20,1,5,0.0019900661706336183
209,IVV,10/29/20,11/2/20,1,3,0.003316776951056031
210,IVV,10/30/20,11/2/20,1,2,0.004975165426584046
211,IVV,11/2/20,,0,3,
212,IVV,11/3/20,,0,3,
213,IVV,11/4/20,,0,3,
214,IVV,11/5/20,,0,3,
215,IVV,11/6/20,,0,3,
216,IVV,11/9/20,,0,3,
217,IVV,11/10/20,11/11/20,1,2,0.004975165426584156
218,IVV,11/11/20,,0,3,
219,IVV,11/12/20,11/13/20,1,2,0.004975165426584046
220,IVV,11/13/20,,0,3,
221,IVV,11/16/20,,0,3,
222,IVV,11/17/20,11/24/20,1,6,0.0016583884755279785
223,IVV,11/18/20,11/24/20,1,5,0.0019900661706336183
224,IVV,11/19/20,,0,3,
225,IVV,11/20/20,,0,3,
226,IVV,11/23/20,,0,3,
227,IVV,11/24/20,,0,3,
228,IVV,11/25/20,12/1/20,1,5,0.0019900661706336183
229,IVV,11/27/20,,0,3,
230,IVV,11/30/20,12/1/20,1,2,0.004975165426584046
231,IVV,12/1/20,,0,3,
232,IVV,12/2/20,,0,3,
233,IVV,12/3/20,,0,3,
234,IVV,12/4/20,,0,3,
235,IVV,12/7/20,12/16/20,-1,8,0.0008204754293928246
236,IVV,12/8/20,12/16/20,1,7,0.0014214758361668703
237,IVV,12/9/20,12/16/20,-1,6,0.0009443663913813308
238,IVV,12/10/20,12/15/20,1,4,0.002487582713291968
239,IVV,12/11/20,12/15/20,1,3,0.003316776951056031
240,IVV,12/14/20,,0,3,
241,IVV,12/15/20,,0,3,
242,IVV,12/16/20,,0,3,
243,IVV,12/17/20,12/23/20,1,5,0.0019900661706336183
244,IVV,12/18/20,12/28/20,1,7,0.0014214758361668703
245,IVV,12/21/20,12/23/20,1,3,0.003316776951056031
246,IVV,12/22/20,,0,3,
247,IVV,12/23/20,,0,3,
248,IVV,12/24/20,,0,3,
249,IVV,12/28/20,,0,3,
250,IVV,12/29/20,,0,3,
251,IVV,12/30/20,1/5/21,1,5,0.0019900661706336183
252,IVV,12/31/20,1/5/21,1,4,0.002487582713292023
253,IVV,1/4/21,1/6/21,1,3,0.003316776951056031
254,IVV,1/5/21,,0,3,
255,IVV,1/6/21,,0,3,
256,IVV,1/7/21,,0,3,
257,IVV,1/8/21,,0,3,
258,IVV,1/11/21,1/20/21,1,8,0.0012437913566460115
259,IVV,1/12/21,,0,3,
260,IVV,1/13/21,1/19/21,1,5,0.0019900661706336183
261,IVV,1/14/21,1/20/21,1,5,0.0019900661706335745
262,IVV,1/15/21,1/19/21,1,3,0.003316776951056031
263,IVV,1/19/21,,0,3,
264,IVV,1/20/21,,0,3,
265,IVV,1/21/21,1/25/21,1,3,0.003316776951056031
266,IVV,1/22/21,1/25/21,1,2,0.004975165426584046
267,IVV,1/25/21,1/25/21,1,1,0.009950330853168092
268,IVV,1/26/21,2/3/21,-1,7,0.00047790840362010097
269,IVV,1/27/21,2/3/21,-1,6,0.0008020799773294598
270,IVV,1/28/21,2/1/21,1,3,0.003316776951056031
271,IVV,1/29/21,2/2/21,1,3,0.003316776951056031
272,IVV,2/1/21,,0,3,
273,IVV,2/2/21,,0,3,
274,IVV,2/3/21,,0,3,
275,IVV,2/4/21,,0,3,
276,IVV,2/5/21,,0,3,
277,IVV,2/8/21,,0,3,
278,IVV,2/9/21,2/10/21,1,2,0.004975165426584046
279,IVV,2/10/21,,0,3,
280,IVV,2/11/21,,0,3,
281,IVV,2/12/21,,0,3,
282,IVV,2/16/21,2/25/21,-1,8,-0.00208655784075175
283,IVV,2/17/21,2/19/21,1,3,0.003316776951056031
284,IVV,2/18/21,2/25/21,-1,6,-0.002670997335974095
285,IVV,2/19/21,2/24/21,1,4,0.002487582713292023
286,IVV,2/22/21,2/24/21,1,3,0.003316776951056031
287,IVV,2/23/21,2/23/21,1,1,0.009950330853168092
288,IVV,2/24/21,3/1/21,1,4,0.002487582713292023
289,IVV,2/25/21,3/4/21,-1,6,-0.004856694689720863
290,IVV,2/26/21,3/1/21,1,2,0.004975165426584046
291,IVV,3/1/21,,0,3,
292,IVV,3/2/21,3/9/21,1,6,0.0016583884755280154
293,IVV,3/3/21,3/8/21,1,4,0.002487582713292023
294,IVV,3/4/21,3/5/21,1,2,0.004975165426584046
295,IVV,3/5/21,3/5/21,1,1,0.009950330853168092
296,IVV,3/8/21,,0,3,
297,IVV,3/9/21,,0,3,
298,IVV,3/10/21,,0,3,
299,IVV,3/11/21,,0,3,
300,IVV,3/12/21,,0,3,
301,IVV,3/15/21,,0,3,
302,IVV,3/16/21,3/25/21,-1,8,-0.0009265787826072882
303,IVV,3/17/21,3/25/21,-1,7,-0.0008594031963095864
304,IVV,3/18/21,3/25/21,-1,6,-0.0015439278389027195
305,IVV,3/19/21,,0,3,
306,IVV,3/22/21,,0,3,
307,IVV,3/23/21,3/26/21,1,4,0.002487582713292023
308,IVV,3/24/21,3/26/21,1,3,0.003316776951056031
309,IVV,3/25/21,3/25/21,1,1,0.009950330853168092
310,IVV,3/26/21,,0,3,
311,IVV,3/29/21,,0,3,
312,IVV,3/30/21,,0,3,
313,IVV,3/31/21,,0,3,
314,IVV,4/1/21,,0,3,
315,IVV,4/5/21,,0,3,
316,IVV,4/6/21,,0,3,
317,IVV,4/7/21,,0,3,
318,IVV,4/8/21,,0,3,
319,IVV,4/9/21,,0,3,
320,IVV,4/12/21,,0,3,
321,IVV,4/13/21,,0,3,
322,IVV,4/14/21,,0,3,
323,IVV,4/15/21,,0,3,
324,IVV,4/16/21,4/21/21,1,4,0.002487582713292023
325,IVV,4/19/21,4/23/21,1,5,0.0019900661706336183
326,IVV,4/20/21,4/21/21,1,2,0.004975165426584046
327,IVV,4/21/21,,0,3,
328,IVV,4/22/21,4/23/21,1,2,0.004975165426584046
329,IVV,4/23/21,,0,3,
330,IVV,4/26/21,,0,3,
331,IVV,4/27/21,,0,3,
332,IVV,4/28/21,,0,3,
333,IVV,4/29/21,,0,3,
334,IVV,4/30/21,5/7/21,1,6,0.0016583884755280154
335,IVV,5/3/21,5/5/21,1,3,0.003316776951056031
336,IVV,5/4/21,5/6/21,1,3,0.003316776951056031
337,IVV,5/5/21,,0,3,
338,IVV,5/6/21,,0,3,
339,IVV,5/7/21,5/18/21,-1,8,-0.0008704330094447449
340,IVV,5/10/21,5/17/21,-1,6,-0.0009243125229277891
341,IVV,5/11/21,5/18/21,-1,6,-0.0007358363681861571
342,IVV,5/12/21,5/14/21,1,3,0.003316776951056031
343,IVV,5/13/21,,0,3,
344,IVV,5/14/21,,0,3,
345,IVV,5/17/21,5/20/21,1,4,0.002487582713292023
346,IVV,5/18/21,5/20/21,1,3,0.003316776951056031
347,IVV,5/19/21,5/20/21,1,2,0.004975165426584046
348,IVV,5/20/21,,0,3,
349,IVV,5/21/21,,0,3,
350,IVV,5/24/21,,0,3,
351,IVV,5/25/21,,0,3,
352,IVV,5/26/21,,0,3,
353,IVV,5/27/21,,0,3,
354,IVV,5/28/21,,0,3,
355,IVV,6/1/21,,0,3,
356,IVV,6/2/21,,0,3,
357,IVV,6/3/21,,0,3,
358,IVV,6/4/21,,0,3,
359,IVV,6/7/21,,0,3,
360,IVV,6/8/21,,0,3,
361,IVV,6/9/21,,0,3,
362,IVV,6/10/21,,0,3,
363,IVV,6/11/21,,0,3,
364,IVV,6/14/21,6/22/21,1,7,0.0014214758361668703
365,IVV,6/15/21,6/22/21,1,6,0.0016583884755280154
366,IVV,6/16/21,6/22/21,1,5,0.0019900661706336183
367,IVV,6/17/21,6/21/21,1,3,0.003316776951056031
368,IVV,6/18/21,6/21/21,1,2,0.004975165426584046
369,IVV,6/21/21,,0,3,
370,IVV,6/22/21,,0,3,
371,IVV,6/23/21,,0,3,
372,IVV,6/24/21,,0,3,
373,IVV,6/25/21,,0,3,
374,IVV,6/28/21,,0,3,
375,IVV,6/29/21,,0,3,
376,IVV,6/30/21,,0,3,
377,IVV,7/1/21,,0,3,
378,IVV,7/2/21,,0,3,
379,IVV,7/6/21,7/9/21,1,4,0.002487582713292023
380,IVV,7/7/21,7/9/21,1,3,0.003316776951056031
381,IVV,7/8/21,7/9/21,1,2,0.004975165426584046
382,IVV,7/9/21,,0,3,
383,IVV,7/12/21,,0,3,
384,IVV,7/13/21,7/22/21,-1,8,0.0008055389136257509
385,IVV,7/14/21,7/22/21,1,7,0.0014214758361668703
386,IVV,7/15/21,7/23/21,1,7,0.0014214758361668703
387,IVV,7/16/21,7/21/21,1,4,0.002487582713292023
388,IVV,7/19/21,7/20/21,1,2,0.004975165426584046
389,IVV,7/20/21,,0,3,
390,IVV,7/21/21,,0,3,
391,IVV,7/22/21,,0,3,
392,IVV,7/23/21,,0,3,
393,IVV,7/26/21,,0,3,
394,IVV,7/27/21,7/29/21,1,3,0.003316776951056031
395,IVV,7/28/21,,0,3,
396,IVV,7/29/21,,0,3,
397,IVV,7/30/21,8/3/21,1,3,0.003316776951056031
398,IVV,8/2/21,,0,3,
399,IVV,8/3/21,,0,3,
400,IVV,8/4/21,,0,3,
401,IVV,8/5/21,,0,3,
402,IVV,8/6/21,,0,3,
403,IVV,8/9/21,,0,3,
404,IVV,8/10/21,,0,3,
405,IVV,8/11/21,,0,3,
406,IVV,8/12/21,,0,3,
407,IVV,8/13/21,,0,3,
408,IVV,8/16/21,8/23/21,1,6,0.0016583884755280154
409,IVV,8/17/21,8/23/21,1,5,0.0019900661706336183
410,IVV,8/18/21,8/23/21,1,4,0.002487582713292023
411,IVV,8/19/21,,0,3,
412,IVV,8/20/21,,0,3,
413,IVV,8/23/21,,0,3,
414,IVV,8/24/21,,0,3,
415,IVV,8/25/21,,0,3,
416,IVV,8/26/21,,0,3,
417,IVV,8/27/21,,0,3,
418,IVV,8/30/21,,0,3,
419,IVV,8/31/21,,0,3,
420,IVV,9/1/21,,0,3,
421,IVV,9/2/21,,0,3,
422,IVV,9/3/21,,0,3,
423,IVV,9/7/21,,0,3,
424,IVV,9/8/21,9/17/21,-1,8,-0.0012111440816255867
425,IVV,9/9/21,9/17/21,-1,7,-0.0011963475969260786
426,IVV,9/10/21,9/20/21,-1,7,-0.0029875480542924907
427,IVV,9/13/21,,0,3,
428,IVV,9/14/21,,0,3,
429,IVV,9/15/21,,0,3,
430,IVV,9/16/21,9/24/21,-1,7,0.00010900965264323552
431,IVV,9/17/21,9/24/21,-1,6,0.00043804992026216994
432,IVV,9/20/21,9/23/21,1,4,0.002487582713292023
433,IVV,9/21/21,,0,3,
434,IVV,9/22/21,,0,3,
435,IVV,9/23/21,,0,3,
436,IVV,9/24/21,10/5/21,-1,8,-0.002084070580778363
437,IVV,9/27/21,10/5/21,-1,7,-0.0021133484796975114
438,IVV,9/28/21,10/5/21,-1,6,-0.001943545517936602
439,IVV,9/29/21,10/1/21,1,3,0.003316776951056031
440,IVV,9/30/21,10/1/21,1,2,0.004975165426584046
441,IVV,10/1/21,,0,3,
442,IVV,10/4/21,10/5/21,1,2,0.004975165426584046
443,IVV,10/5/21,,0,3,
444,IVV,10/6/21,10/6/21,1,1,0.009950330853168092
445,IVV,10/7/21,,0,3,
446,IVV,10/8/21,10/14/21,1,5,0.0019900661706336183
447,IVV,10/11/21,10/14/21,1,4,0.002487582713292023
448,IVV,10/12/21,,0,3,
449,IVV,10/13/21,,0,3,
450,IVV,10/14/21,,0,3,
451,IVV,10/15/21,,0,3,
452,IVV,10/18/21,,0,3,
453,IVV,10/19/21,,0,3,
454,IVV,10/20/21,,0,3,
455,IVV,10/21/21,,0,3,
456,IVV,10/22/21,,0,3,
457,IVV,10/25/21,,0,3,
458,IVV,10/26/21,,0,3,
459,IVV,10/27/21,,0,3,
460,IVV,10/28/21,,0,3,
461,IVV,10/29/21,,0,3,
462,IVV,11/1/21,,0,3,
463,IVV,11/2/21,,0,3,
464,IVV,11/3/21,,0,3,
465,IVV,11/4/21,,0,3,
466,IVV,11/5/21,,0,3,
467,IVV,11/8/21,11/15/21,1,6,0.0016583884755280154
468,IVV,11/9/21,11/16/21,1,6,0.0016583884755280154
469,IVV,11/10/21,11/12/21,1,3,0.003316776951056031
470,IVV,11/11/21,,0,3,
471,IVV,11/12/21,,0,3,
472,IVV,11/15/21,,0,3,
473,IVV,11/16/21,,0,3,
474,IVV,11/17/21,,0,3,
475,IVV,11/18/21,,0,3,
476,IVV,11/19/21,12/1/21,-1,9,-0.0035252532561342873
477,IVV,11/22/21,,0,3,
478,IVV,11/23/21,12/3/21,-1,9,-0.002314445528133838
479,IVV,11/24/21,12/3/21,-1,8,-0.0027757794589291906
480,IVV,11/26/21,12/3/21,-1,6,-0.004133833114996681
481,IVV,11/29/21,12/2/21,1,4,0.002487582713292023
482,IVV,11/30/21,12/1/21,1,2,0.004975165426584046
483,IVV,12/1/21,12/2/21,1,2,0.004975165426584046
484,IVV,12/2/21,,0,3,
485,IVV,12/3/21,12/6/21,1,2,0.004975165426584046
486,IVV,12/6/21,,0,3,
487,IVV,12/7/21,,0,3,
488,IVV,12/8/21,,0,3,
489,IVV,12/9/21,12/16/21,1,6,0.0016583884755280154
490,IVV,12/10/21,12/15/21,1,4,0.002487582713292023
491,IVV,12/13/21,12/16/21,1,4,0.002487582713292023
492,IVV,12/14/21,12/15/21,1,2,0.004975165426584046
493,IVV,12/15/21,,0,3,
494,IVV,12/16/21,12/23/21,1,6,0.0016583884755280154
495,IVV,12/17/21,12/22/21,1,4,0.002487582713292023
496,IVV,12/20/21,12/21/21,1,2,0.004975165426584046
497,IVV,12/21/21,,0,3,
498,IVV,12/22/21,,0,3,
499,IVV,12/23/21,,0,3,
500,IVV,12/27/21,,0,3,
501,IVV,12/28/21,,0,3,
502,IVV,12/29/21,,0,3,
503,IVV,12/30/21,,0,3,
504,IVV,12/31/21,,0,3,
505,IVV,1/3/22,1/12/22,-1,8,0.0002274410867623196
506,IVV,1/4/22,1/12/22,-1,7,-0.0005906433760762259
507,IVV,1/5/22,1/12/22,-1,6,-0.0006329388593408106
508,IVV,1/6/22,1/11/22,1,4,0.002487582713292023
509,IVV,1/7/22,1/11/22,1,3,0.003316776951056031
510,IVV,1/10/22,1/11/22,1,2,0.004975165426584046
511,IVV,1/11/22,,0,3,
512,IVV,1/12/22,1/21/22,-1,8,-0.007479438079633159
513,IVV,1/13/22,1/21/22,-1,7,-0.00892665833162521
514,IVV,1/14/22,1/14/22,1,1,0.009950330853168092
515,IVV,1/18/22,1/25/22,-1,6,-0.009514521246251446
516,IVV,1/19/22,1/20/22,1,2,0.004975165426584046
517,IVV,1/20/22,1/27/22,-1,6,-0.006067595118411702
518,IVV,1/21/22,1/28/22,-1,6,-0.00018018425593352902
519,IVV,1/24/22,1/24/22,1,1,0.009950330853168092
520,IVV,1/25/22,1/26/22,1,2,0.004975165426584046
521,IVV,1/26/22,1/27/22,1,2,0.004975165426584046
522,IVV,1/27/22,1/28/22,1,2,0.004975165426584046
523,IVV,1/28/22,,0,3,
524,IVV,1/31/22,,0,3,
525,IVV,2/1/22,,0,3,
526,IVV,2/2/22,2/9/22,1,6,0.0016583884755280154
527,IVV,2/3/22,2/9/22,1,5,0.0019900661706336183
528,IVV,2/4/22,,0,3,
529,IVV,2/7/22,,0,3,
530,IVV,2/8/22,,0,3,
531,IVV,2/9/22,2/18/22,-1,8,-0.0034546954375633933
532,IVV,2/10/22,2/17/22,-1,6,-0.00589173950138109
533,IVV,2/11/22,2/18/22,-1,6,-0.004077490608930632
534,IVV,2/14/22,2/15/22,1,2,0.004975165426584046
535,IVV,2/15/22,,0,3,
536,IVV,2/16/22,2/25/22,-1,8,-0.001106865792257981
537,IVV,2/17/22,2/25/22,-1,7,-0.00142594803419319
538,IVV,2/18/22,2/25/22,1,6,0.0016583884755280154
539,IVV,2/22/22,2/25/22,1,4,0.002487582713292023
540,IVV,2/23/22,2/25/22,1,3,0.003316776951056031
541,IVV,2/24/22,2/24/22,1,1,0.009950330853168092
542,IVV,2/25/22,,0,3,
543,IVV,2/28/22,3/2/22,1,3,0.003316776951056031
544,IVV,3/1/22,3/2/22,1,2,0.004975165426584046
545,IVV,3/2/22,,0,3,
546,IVV,3/3/22,3/11/22,-1,7,-0.004462305480390388
547,IVV,3/4/22,3/11/22,-1,6,-0.004404066123366958
548,IVV,3/7/22,3/14/22,-1,6,-0.004239431173857381
549,IVV,3/8/22,3/9/22,1,2,0.004975165426584046
550,IVV,3/9/22,,0,3,
551,IVV,3/10/22,3/11/22,1,2,0.004975165426584046
552,IVV,3/11/22,3/15/22,1,3,0.003316776951056031
553,IVV,3/14/22,3/15/22,1,2,0.004975165426584046
554,IVV,3/15/22,,0,3,
555,IVV,3/16/22,,0,3,
556,IVV,3/17/22,,0,3,
557,IVV,3/18/22,,0,3,
558,IVV,3/21/22,,0,3,
559,IVV,3/22/22,,0,3,
560,IVV,3/23/22,3/25/22,1,3,0.003316776951056031
561,IVV,3/24/22,,0,3,
562,IVV,3/25/22,,0,3,
563,IVV,3/28/22,,0,3,
564,IVV,3/29/22,,0,3,
565,IVV,3/30/22,4/6/22,-1,6,-0.003871530449264698
566,IVV,3/31/22,4/7/22,-1,6,-0.0020105585516552583
567,IVV,4/1/22,,0,3,
568,IVV,4/4/22,4/13/22,-1,8,-0.0014071443155793198
569,IVV,4/5/22,4/12/22,-1,6,-0.0052785482236649105
570,IVV,4/6/22,4/13/22,-1,6,-0.0011788102919174889
571,IVV,4/7/22,4/19/22,-1,9,0.000735780049974905
572,IVV,4/8/22,4/19/22,-1,8,0.00021272789405764501
573,IVV,4/11/22,4/19/22,-1,7,0.0006246216181471865
574,IVV,4/12/22,,0,3,
575,IVV,4/13/22,,0,3,
576,IVV,4/14/22,4/19/22,1,4,0.002487582713292023
577,IVV,4/18/22,,0,3,
578,IVV,4/19/22,,0,3,
579,IVV,4/20/22,4/28/22,-1,7,-0.004196731389337926
580,IVV,4/21/22,4/28/22,-1,6,-0.004745455943712726
581,IVV,4/22/22,4/29/22,-1,6,-0.008688062428221665
582,IVV,4/25/22,4/25/22,1,1,0.009950330853168092
583,IVV,4/26/22,4/28/22,1,3,0.003316776951056031
584,IVV,4/27/22,5/3/22,1,5,0.0019900661706336183
585,IVV,4/28/22,5/3/22,1,4,0.002487582713292023
586,IVV,4/29/22,5/4/22,1,4,0.002487582713292023
587,IVV,5/2/22,5/2/22,1,1,0.009950330853168092
588,IVV,5/3/22,5/6/22,1,4,0.002487582713292023
589,IVV,5/4/22,5/12/22,-1,7,-0.0071321354211638655
590,IVV,5/5/22,5/12/22,-1,6,-0.013263277894350672
591,IVV,5/6/22,5/13/22,-1,6,-0.0032282434554150186
592,IVV,5/9/22,5/16/22,-1,6,-0.0030300501137965857
593,IVV,5/10/22,5/13/22,1,4,0.002487582713292023
594,IVV,5/11/22,5/13/22,1,3,0.003316776951056031
595,IVV,5/12/22,5/13/22,1,2,0.004975165426584046
596,IVV,5/13/22,,0,3,
597,IVV,5/16/22,5/17/22,1,2,0.004975165426584046
598,IVV,5/17/22,5/25/22,-1,7,0.0005592828255642643
599,IVV,5/18/22,5/25/22,-1,6,-0.002765490641423457
600,IVV,5/19/22,5/20/22,1,2,0.004975165426584046
601,IVV,5/20/22,5/20/22,1,1,0.009950330853168092
602,IVV,5/23/22,,0,3,
603,IVV,5/24/22,5/25/22,1,2,0.004975165426584046
604,IVV,5/25/22,,0,3,
605,IVV,5/26/22,,0,3,
606,IVV,5/27/22,,0,3,
607,IVV,5/31/22,6/1/22,1,2,0.004975165426584046
608,IVV,6/1/22,6/2/22,1,2,0.004975165426584046
609,IVV,6/2/22,,0,3,
610,IVV,6/3/22,6/10/22,-1,6,-0.010327860631950571
611,IVV,6/6/22,,0,3,
612,IVV,6/7/22,6/7/22,1,1,0.009950330853168092
613,IVV,6/8/22,6/15/22,-1,6,-0.014233389381557713
614,IVV,6/9/22,6/16/22,-1,6,-0.01798598345048406
615,IVV,6/10/22,6/17/22,-1,6,-0.01320300458405164
616,IVV,6/13/22,6/21/22,-1,7,-0.0034516192344128905
617,IVV,6/14/22,6/15/22,1,2,0.004975165426584046
618,IVV,6/15/22,6/21/22,1,5,0.0019900661706336183
619,IVV,6/16/22,6/22/22,1,5,0.0019900661706336183
620,IVV,6/17/22,,0,3,
621,IVV,6/21/22,,0,3,
622,IVV,6/22/22,6/23/22,1,2,0.004975165426584046
623,IVV,6/23/22,,0,3,
624,IVV,6/24/22,,0,3,
625,IVV,6/27/22,7/6/22,-1,8,-0.0009051451570699482
626,IVV,6/28/22,7/6/22,-1,7,-0.0005144676291994884
627,IVV,6/29/22,7/1/22,1,3,0.003316776951056031
628,IVV,6/30/22,7/1/22,1,2,0.004975165426584046
629,IVV,7/1/22,7/5/22,1,3,0.003316776951056031
630,IVV,7/5/22,7/5/22,1,1,0.009950330853168092
631,IVV,7/6/22,,0,3,
632,IVV,7/7/22,,0,3,
633,IVV,7/8/22,7/18/22,1,7,0.0014214758361668703
634,IVV,7/11/22,7/18/22,1,6,0.0016583884755280154
635,IVV,7/12/22,7/15/22,1,4,0.002487582713292023
636,IVV,7/13/22,7/15/22,1,3,0.003316776951056031
637,IVV,7/14/22,7/15/22,1,2,0.004975165426584046
638,IVV,7/15/22,,0,3,
639,IVV,7/18/22,7/19/22,1,2,0.004975165426584046
640,IVV,7/19/22,,0,3,
641,IVV,7/20/22,,0,3,
642,IVV,7/21/22,,0,3,
643,IVV,7/22/22,7/27/22,1,4,0.002487582713292023
644,IVV,7/25/22,7/27/22,1,3,0.003316776951056031
645,IVV,7/26/22,7/27/22,1,2,0.004975165426584046
646,IVV,7/27/22,,0,3,
647,IVV,7/28/22,,0,3,
648,IVV,7/29/22,,0,3,
649,IVV,8/1/22,8/3/22,1,3,0.003316776951056031
650,IVV,8/2/22,,0,3,
651,IVV,8/3/22,,0,3,
652,IVV,8/4/22,8/8/22,1,3,0.003316776951056031
653,IVV,8/5/22,8/8/22,1,2,0.004975165426584046
654,IVV,8/8/22,,0,3,
655,IVV,8/9/22,,0,3,
656,IVV,8/10/22,,0,3,
657,IVV,8/11/22,,0,3,
658,IVV,8/12/22,,0,3,
659,IVV,8/15/22,,0,3,
660,IVV,8/16/22,8/24/22,-1,7,-0.0037298977997387434
661,IVV,8/17/22,8/24/22,-1,6,-0.004698708832514096
662,IVV,8/18/22,8/26/22,-1,7,-0.005915870879617353
663,IVV,8/19/22,8/26/22,-1,6,-0.007391901658119526
664,IVV,8/22/22,8/29/22,-1,6,-0.0061788598092403875
665,IVV,8/23/22,,0,3,
666,IVV,8/24/22,9/2/22,-1,8,-0.005005826286339919
667,IVV,8/25/22,9/2/22,-1,7,-0.006165820104277109
668,IVV,8/26/22,9/2/22,-1,6,-0.00952522810407671
669,IVV,8/29/22,9/7/22,-1,8,-0.0010553840261636777
670,IVV,8/30/22,9/7/22,-1,7,-0.00034260035691444557
671,IVV,8/31/22,9/2/22,1,3,0.003316776951056031
672,IVV,9/1/22,9/1/22,1,1,0.009950330853168312
673,IVV,9/2/22,9/7/22,1,4,0.002487582713292023
674,IVV,9/6/22,,0,3,
675,IVV,9/7/22,,0,3,
676,IVV,9/8/22,,0,3,
677,IVV,9/9/22,9/20/22,-1,8,-0.0034360302461499885
678,IVV,9/12/22,9/20/22,-1,7,-0.00618635139785295
679,IVV,9/13/22,9/20/22,-1,6,-0.00900758173450275
680,IVV,9/14/22,9/22/22,-1,7,-0.0050170888761458515
681,IVV,9/15/22,9/22/22,-1,6,-0.006486879582598433
682,IVV,9/16/22,9/19/22,1,2,0.004975165426584046
683,IVV,9/19/22,9/21/22,1,3,0.003316776951056031
684,IVV,9/20/22,9/21/22,1,2,0.004975165426584046
685,IVV,9/21/22,9/28/22,-1,6,-0.005126166098490943
686,IVV,9/22/22,9/29/22,-1,6,-0.0057234282301055865
687,IVV,9/23/22,9/30/22,-1,6,-0.006944690695332704
688,IVV,9/26/22,9/27/22,1,2,0.004975165426584046
689,IVV,9/27/22,9/30/22,1,4,0.002487582713292078
690,IVV,9/28/22,9/30/22,1,3,0.003316776951056104
691,IVV,9/29/22,10/4/22,1,4,0.002487582713292023
692,IVV,9/30/22,10/3/22,1,2,0.004975165426584046
693,IVV,10/3/22,,0,3,
694,IVV,10/4/22,,0,3,
695,IVV,10/5/22,10/6/22,1,2,0.004975165426584046
696,IVV,10/6/22,10/13/22,-1,6,-0.0032425395798153164
697,IVV,10/7/22,10/14/22,-1,6,-0.005451644737317782
698,IVV,10/10/22,10/11/22,1,2,0.004975165426584046
699,IVV,10/11/22,10/13/22,1,3,0.003316776951056031
700,IVV,10/12/22,10/13/22,1,2,0.004975165426584046
701,IVV,10/13/22,10/13/22,1,1,0.009950330853168092
702,IVV,10/14/22,10/17/22,1,2,0.004975165426584046
703,IVV,10/17/22,,0,3,
704,IVV,10/18/22,,0,3,
705,IVV,10/19/22,10/20/22,1,2,0.004975165426584046
706,IVV,10/20/22,10/21/22,1,2,0.004975165426584156
707,IVV,10/21/22,,0,3,
708,IVV,10/24/22,,0,3,
709,IVV,10/25/22,,0,3,
710,IVV,10/26/22,10/28/22,1,3,0.003316776951055957
711,IVV,10/27/22,,0,3,
712,IVV,10/28/22,,0,3,
713,IVV,10/31/22,11/8/22,-1,7,-0.0011202793548946532
714,IVV,11/1/22,11/9/22,-1,7,-0.003061556574493771
715,IVV,11/2/22,11/8/22,1,5,0.0019900661706336183
716,IVV,11/3/22,11/4/22,1,2,0.004975165426584046
717,IVV,11/4/22,,0,3,
718,IVV,11/7/22,,0,3,
719,IVV,11/8/22,11/10/22,1,3,0.003316776951056031
720,IVV,11/9/22,11/10/22,1,2,0.004975165426584046
721,IVV,11/10/22,,0,3,
722,IVV,11/11/22,,0,3,
723,IVV,11/14/22,,0,3,
724,IVV,11/15/22,11/18/22,1,4,0.002487582713292023
725,IVV,11/16/22,11/22/22,1,5,0.0019900661706336183
726,IVV,11/17/22,11/18/22,1,2,0.004975165426584046
727,IVV,11/18/22,,0,3,
728,IVV,11/21/22,,0,3,
729,IVV,11/22/22,,0,3,
730,IVV,11/23/22,11/30/22,1,6,0.0016583884755280154
731,IVV,11/25/22,11/30/22,1,4,0.002487582713292023
732,IVV,11/28/22,11/30/22,1,3,0.003316776951056031
733,IVV,11/29/22,,0,3,
734,IVV,11/30/22,,0,3,
735,IVV,12/1/22,12/9/22,-1,7,-0.00364910372998066
736,IVV,12/2/22,12/9/22,-1,6,-0.004187353874245355
737,IVV,12/5/22,12/12/22,-1,6,-0.001684958731356977
738,IVV,12/6/22,12/13/22,1,6,0.0016583884755280154
739,IVV,12/7/22,,0,3,
740,IVV,12/8/22,,0,3,
741,IVV,12/9/22,,0,3,
742,IVV,12/12/22,,0,3,
743,IVV,12/13/22,12/21/22,-1,7,-0.00315441503915301
744,IVV,12/14/22,12/21/22,-1,6,-0.004288477650716268
745,IVV,12/15/22,12/22/22,-1,6,-0.005568923790400762
746,IVV,12/16/22,12/23/22,-1,6,-0.0005235447825039928
747,IVV,12/19/22,12/21/22,1,3,0.003316776951056031
748,IVV,12/20/22,12/22/22,1,3,0.003316776951056031
749,IVV,12/21/22,12/22/22,1,2,0.004975165426584046
750,IVV,12/22/22,12/30/22,-1,7,7.810364548045211e-05
751,IVV,12/23/22,12/29/22,1,5,0.0019900661706336183
752,IVV,12/27/22,12/29/22,1,3,0.003316776951056031
753,IVV,12/28/22,12/29/22,1,2,0.004975165426584046
754,IVV,12/29/22,,0,3,
755,IVV,12/30/22,1/3/23,1,3,0.003316776951056031
756,IVV,1/3/23,1/4/23,1,2,0.004975165426584046
757,IVV,1/4/23,,0,3,
758,IVV,1/5/23,1/6/23,1,2,0.004975165426584046
759,IVV,1/6/23,,0,3,
760,IVV,1/9/23,,0,3,
761,IVV,1/10/23,,0,3,
762,IVV,1/11/23,,0,3,
763,IVV,1/12/23,,0,3,
764,IVV,1/13/23,1/23/23,1,7,0.0014214758361668703
765,IVV,1/17/23,1/23/23,1,5,0.0019900661706336183
766,IVV,1/18/23,1/23/23,1,4,0.002487582713292023
767,IVV,1/19/23,1/20/23,1,2,0.004975165426584046
768,IVV,1/20/23,,0,3,
769,IVV,1/23/23,,0,3,
770,IVV,1/24/23,1/26/23,1,3,0.003316776951056031
771,IVV,1/25/23,1/25/23,1,1,0.009950330853168092
772,IVV,1/26/23,,0,3,
773,IVV,1/27/23,1/31/23,1,3,0.003316776951056031
774,IVV,1/30/23,1/31/23,1,2,0.004975165426584046
775,IVV,1/31/23,,0,3,
776,IVV,2/1/23,2/1/23,1,1,0.009950330853167872
777,IVV,2/2/23,,0,3,
778,IVV,2/3/23,2/10/23,-1,6,-0.0018235002726059975
779,IVV,2/6/23,2/7/23,1,2,0.004975165426584046
780,IVV,2/7/23,,0,3,
781,IVV,2/8/23,2/15/23,-1,6,0.0011783728088405729
782,IVV,2/9/23,2/13/23,1,3,0.003316776951056031
783,IVV,2/10/23,,0,3,
784,IVV,2/13/23,,0,3,
785,IVV,2/14/23,2/15/23,1,2,0.004975165426584046
786,IVV,2/15/23,2/24/23,-1,8,-0.0038035388779869574
787,IVV,2/16/23,2/24/23,-1,7,-0.004802165378688192
788,IVV,2/17/23,2/27/23,-1,7,-0.0023689494140906177
789,IVV,2/21/23,2/28/23,-1,6,-0.0029389817862441312
790,IVV,2/22/23,2/27/23,1,4,0.002487582713292023
791,IVV,2/23/23,2/27/23,1,3,0.003316776951055957
792,IVV,2/24/23,2/27/23,1,2,0.004975165426584046
793,IVV,2/27/23,,0,3,
794,IVV,2/28/23,3/2/23,1,3,0.003316776951056031
795,IVV,3/1/23,,0,3,
796,IVV,3/2/23,,0,3,
797,IVV,3/3/23,,0,3,
798,IVV,3/6/23,3/14/23,-1,7,-0.003031069678043778
799,IVV,3/7/23,3/14/23,-1,6,-0.0037227015067292086
800,IVV,3/8/23,3/16/23,-1,7,0.000633306423517916
801,IVV,3/9/23,3/16/23,-1,6,0.0004488013013411583
802,IVV,3/10/23,3/14/23,1,3,0.003316776951056031
803,IVV,3/13/23,3/14/23,1,2,0.004975165426584046
804,IVV,3/14/23,,0,3,
805,IVV,3/15/23,3/16/23,1,2,0.004975165426584046
806,IVV,3/16/23,,0,3,
807,IVV,3/17/23,3/21/23,1,3,0.003316776951056031
808,IVV,3/20/23,,0,3,
809,IVV,3/21/23,,,,
810,IVV,3/22/23,,,,
811,IVV,3/23/23,,,,
