date,Close,Adjusted Close,Net,%Chg,Open,Low,High,Volume,Turnover - USD
30-Mar-2023,9.08,9.09,-0.01,0%,9.04,9.00,9.39,"4,696,222","43,006,669.00"
29-Mar-2023,9.09,,-0.31,-3%,9.13,9.02,9.25,"4,733,751","43,193,839.00"
28-Mar-2023,9.40,,-0.22,-2%,9.64,9.38,9.72,"5,180,335","49,237,473.00"
27-Mar-2023,9.62,,-0.39,-4%,9.79,9.58,9.95,"5,761,693","56,086,356.00"
24-Mar-2023,10.01,,-0.44,-4%,10.72,10.00,11.18,"11,587,491","123,023,296.00"
23-Mar-2023,10.45,,+0.31,3%,9.84,9.49,10.60,"11,245,544","113,505,790.00"
22-Mar-2023,10.14,,+0.37,4%,9.75,9.43,10.18,"11,339,553","110,276,752.00"
21-Mar-2023,9.77,,-0.99,-9%,10.22,9.74,10.22,"8,466,880","84,591,143.00"
20-Mar-2023,10.76,,-0.47,-4%,11.29,10.69,11.44,"11,637,079","127,612,909.00"
17-Mar-2023,11.23,,+1.07,11%,10.48,10.30,11.42,"24,181,940","263,760,693.00"
16-Mar-2023,10.16,,-0.96,-9%,11.49,10.13,11.57,"16,361,066","175,461,989.00"
15-Mar-2023,11.12,,+0.78,8%,11.27,10.91,12.16,"31,200,088","358,715,409.00"
14-Mar-2023,10.34,,-0.61,-6%,10.19,9.77,10.72,"10,431,935","106,926,479.00"
13-Mar-2023,10.95,,+0.33,3%,11.74,10.74,12.01,"27,825,868","311,236,083.00"
10-Mar-2023,10.62,,+1.01,11%,9.67,9.65,11.62,"31,442,772","332,850,119.00"
09-Mar-2023,9.61,,+0.94,11%,8.60,8.55,9.64,"11,073,047","102,150,023.00"
08-Mar-2023,8.67,,-0.18,-2%,8.89,8.64,8.91,"4,458,126","39,094,941.00"
07-Mar-2023,8.85,,+0.18,2%,8.65,8.51,8.90,"5,555,371","48,470,999.00"
06-Mar-2023,8.67,,-0.09,-1%,8.72,8.60,8.75,"3,919,381","33,948,348.00"
03-Mar-2023,8.76,,-0.29,-3%,8.96,8.75,9.00,"5,453,464","48,478,152.00"
02-Mar-2023,9.05,,-0.33,-4%,9.57,9.04,9.58,"5,435,083","50,125,957.00"
01-Mar-2023,9.38,,+0.06,1%,9.37,9.21,9.61,"5,252,504","49,377,642.00"
28-Feb-2023,9.32,,-0.21,-2%,9.48,9.20,9.50,"3,597,459","33,517,296.00"
27-Feb-2023,9.53,,-0.35,-4%,9.63,9.42,9.63,"4,260,484","40,581,914.00"
24-Feb-2023,9.88,,+0.36,4%,9.85,9.80,10.13,"10,247,654","102,274,420.00"
23-Feb-2023,9.52,,-0.33,-3%,9.62,9.45,9.94,"6,793,402","65,794,632.00"
22-Feb-2023,9.85,,-0.32,-3%,10.17,9.79,10.29,"7,650,501","76,360,733.00"
21-Feb-2023,10.17,,+0.72,8%,9.87,9.73,10.21,"9,880,745","99,217,946.00"
17-Feb-2023,9.45,,+0.05,1%,9.58,9.40,9.79,"7,658,765","73,370,578.00"
16-Feb-2023,9.40,,+0.47,5%,9.19,8.99,9.42,"8,380,838","77,335,073.00"
15-Feb-2023,8.93,,-0.18,-2%,9.14,8.91,9.17,"4,727,680","42,753,479.00"
14-Feb-2023,9.11,,-0.36,-4%,9.32,9.00,9.46,"6,671,643","61,292,472.00"
13-Feb-2023,9.47,,-0.35,-4%,9.64,9.42,9.71,"4,411,850","42,047,733.00"
10-Feb-2023,9.82,,+0.13,1%,9.87,9.74,10.07,"5,849,703","57,919,713.00"
09-Feb-2023,9.69,,+0.26,3%,9.24,9.15,9.74,"5,269,465","49,804,948.00"
08-Feb-2023,9.43,,+0.37,4%,9.18,9.04,9.58,"5,581,500","52,354,694.00"
07-Feb-2023,9.06,,-0.29,-3%,9.41,8.98,9.44,"6,194,426","57,147,619.00"
06-Feb-2023,9.35,,+0.24,3%,9.23,9.16,9.40,"4,927,714","45,797,128.00"
03-Feb-2023,9.11,,+0.06,1%,9.31,9.03,9.44,"7,043,103","64,888,278.00"
02-Feb-2023,9.05,,+0.22,2%,8.65,8.59,9.30,"10,269,524","91,823,349.00"
01-Feb-2023,8.83,,-0.32,-3%,9.13,8.75,9.34,"8,825,973","80,185,118.00"
31-Jan-2023,9.15,,-0.21,-2%,9.35,9.06,9.40,"4,791,244","44,047,861.00"
30-Jan-2023,9.36,,+0.26,3%,9.31,9.25,9.51,"5,835,193","54,697,311.00"
27-Jan-2023,9.10,,-0.16,-2%,9.27,8.92,9.28,"9,819,716","88,719,678.00"
26-Jan-2023,9.26,,-0.12,-1%,9.26,9.20,9.46,"8,208,589","76,664,808.00"
25-Jan-2023,9.38,,-0.02,0%,9.65,9.35,9.96,"6,067,569","58,429,247.00"
24-Jan-2023,9.39,,-0.34,-3%,9.79,9.33,9.82,"4,715,892","44,882,422.00"
23-Jan-2023,9.73,,-0.10,-1%,9.83,9.69,9.89,"5,255,429","51,422,850.00"
20-Jan-2023,9.83,,-0.35,-3%,10.13,9.77,10.22,"6,391,054","63,241,263.00"
19-Jan-2023,10.18,,+0.05,0%,10.40,10.04,10.52,"6,566,766","67,627,341.00"
18-Jan-2023,10.13,,+0.33,3%,9.66,9.62,10.21,"8,461,655","84,447,900.00"
17-Jan-2023,9.80,,+0.08,1%,9.87,9.69,9.95,"5,188,359","50,978,750.00"
13-Jan-2023,9.72,,-0.24,-2%,10.00,9.61,10.02,"8,292,065","80,677,643.00"
12-Jan-2023,9.96,,-0.52,-5%,10.25,9.94,10.41,"5,087,528","51,562,794.00"
11-Jan-2023,10.48,,+0.06,1%,10.36,10.34,10.52,"2,831,578","29,593,954.00"
10-Jan-2023,10.42,,-0.46,-4%,10.91,10.39,10.94,"3,762,926","39,990,723.00"
09-Jan-2023,10.88,,+0.06,1%,10.76,10.66,10.99,"3,184,610","34,456,047.00"
06-Jan-2023,10.82,,-0.26,-2%,10.87,10.66,11.00,"4,105,138","44,256,282.00"
05-Jan-2023,11.08,,+0.09,1%,11.11,11.01,11.26,"3,687,696","41,023,372.00"
04-Jan-2023,10.99,,-0.34,-3%,11.21,10.97,11.30,"3,804,508","42,274,449.00"
03-Jan-2023,11.33,,-0.05,0%,11.30,11.21,11.71,"4,725,206","54,027,250.00"
30-Dec-2022,11.38,,-0.05,0%,11.55,11.38,11.66,"3,711,905","42,755,645.00"
29-Dec-2022,11.43,,-0.15,-1%,11.37,11.26,11.43,"3,078,234","34,933,356.00"
28-Dec-2022,11.58,,-0.01,0%,11.46,11.27,11.62,"4,996,845","57,246,358.00"
27-Dec-2022,11.59,,+0.01,0%,11.61,11.51,11.82,"5,217,775","60,684,375.00"
23-Dec-2022,11.58,,-0.33,-3%,11.91,11.50,12.01,"5,121,491","59,961,131.00"
22-Dec-2022,11.91,,+0.59,5%,11.38,11.34,12.45,"11,219,004","134,583,819.00"
21-Dec-2022,11.32,,-0.42,-4%,11.46,11.24,11.52,"5,467,750","62,109,004.00"
20-Dec-2022,11.74,,-0.10,-1%,11.87,11.61,12.07,"8,133,131","96,259,746.00"
19-Dec-2022,11.84,,-0.32,-3%,12.07,11.64,12.08,"7,221,738","85,848,218.00"
16-Dec-2022,12.16,,+0.07,1%,12.35,11.98,12.51,"8,390,912","103,069,885.00"
15-Dec-2022,12.09,,+0.73,6%,11.59,11.51,12.35,"10,076,694","121,046,792.00"
14-Dec-2022,11.36,,-0.44,-4%,11.73,11.32,11.90,"9,614,584","111,020,921.00"
13-Dec-2022,11.80,,-0.51,-4%,11.61,11.56,12.23,"7,800,913","92,620,119.00"
12-Dec-2022,12.31,,-0.08,-1%,12.35,12.17,12.43,"4,024,575","49,533,958.00"
09-Dec-2022,12.39,,+0.28,2%,12.16,12.06,12.41,"4,360,658","53,378,685.00"
08-Dec-2022,12.11,,-0.24,-2%,12.32,12.02,12.46,"3,098,595","37,919,089.00"
07-Dec-2022,12.35,,+0.17,1%,12.26,12.15,12.46,"6,025,542","74,201,230.00"
06-Dec-2022,12.18,,+0.33,3%,11.77,11.64,12.28,"5,287,832","63,660,435.00"
05-Dec-2022,11.85,,+0.23,2%,11.78,11.59,12.06,"6,800,093","80,522,078.00"
02-Dec-2022,11.62,,-0.24,-2%,12.11,11.60,12.11,"6,140,664","72,474,509.00"
01-Dec-2022,11.86,,-0.20,-2%,12.01,11.82,12.27,"7,374,203","88,726,016.00"
30-Nov-2022,12.06,,-0.48,-4%,12.54,11.96,12.75,"7,917,594","97,695,598.00"
29-Nov-2022,12.54,,-0.17,-1%,12.65,12.47,12.80,"3,912,364","49,348,075.00"
28-Nov-2022,12.71,,+0.45,4%,12.52,12.36,12.82,"4,803,782","60,705,313.00"
25-Nov-2022,12.26,,+0.05,0%,12.34,12.20,12.35,"2,912,364","35,747,905.00"
23-Nov-2022,12.21,,-0.27,-2%,12.48,12.18,12.55,"5,042,494","62,313,409.00"
22-Nov-2022,12.48,,-0.45,-3%,12.81,12.44,12.82,"4,066,212","51,310,240.00"
21-Nov-2022,12.93,,-0.35,-3%,13.31,12.89,13.33,"4,424,529","57,914,551.00"
18-Nov-2022,13.28,,-0.14,-1%,13.28,13.25,13.56,"4,198,141","56,134,248.00"
17-Nov-2022,13.42,,-0.12,-1%,13.88,13.39,13.89,"4,279,655","58,080,364.00"
16-Nov-2022,13.54,,-0.36,-3%,13.75,13.52,13.82,"5,305,996","72,563,676.00"
15-Nov-2022,13.90,,+0.16,1%,13.41,13.40,14.32,"10,167,388","140,584,439.00"
14-Nov-2022,13.74,,-0.01,0%,13.77,13.38,13.80,"4,977,783","67,496,975.00"
11-Nov-2022,13.75,,-0.16,-1%,14.03,13.72,14.13,"5,186,107","71,866,762.00"
10-Nov-2022,13.91,,-0.80,-5%,13.89,13.61,14.03,"7,255,163","100,327,810.00"
09-Nov-2022,14.71,,+0.43,3%,14.30,14.30,14.84,"5,805,357","84,776,375.00"
08-Nov-2022,14.28,,+0.37,3%,13.76,13.75,14.43,"4,193,881","58,881,634.00"
07-Nov-2022,13.91,,-0.13,-1%,14.00,13.75,14.09,"3,370,372","46,837,349.00"
04-Nov-2022,14.04,,-0.17,-1%,13.91,13.64,14.35,"6,550,858","91,656,910.00"
03-Nov-2022,14.21,,-0.32,-2%,14.74,14.09,14.90,"8,925,499","128,679,394.00"
02-Nov-2022,14.53,,+0.38,3%,14.27,14.02,14.60,"9,776,750","140,289,639.00"
01-Nov-2022,14.15,,-0.14,-1%,14.14,14.12,14.39,"6,611,111","94,123,990.00"
31-Oct-2022,14.29,,-0.22,-2%,14.64,14.27,14.64,"5,859,786","84,443,030.00"
28-Oct-2022,14.51,,-0.35,-2%,14.87,14.41,14.89,"7,394,492","107,573,260.00"
27-Oct-2022,14.86,,-0.30,-2%,15.08,14.79,15.17,"5,755,087","86,053,054.00"
26-Oct-2022,15.16,,-0.36,-2%,15.66,15.09,15.66,"7,930,756","121,317,163.00"
25-Oct-2022,15.52,,-0.64,-4%,16.18,15.48,16.23,"7,623,042","120,279,710.00"
24-Oct-2022,16.16,,-0.26,-2%,16.24,16.12,16.66,"8,243,066","135,063,887.00"
21-Oct-2022,16.42,,-0.06,0%,16.39,16.07,16.50,"11,045,850","179,886,323.00"
20-Oct-2022,16.48,,-0.21,-1%,16.60,16.15,16.73,"8,029,974","132,108,168.00"
19-Oct-2022,16.69,,+0.12,1%,16.70,16.47,16.98,"7,640,501","127,804,847.00"
18-Oct-2022,16.57,,-0.33,-2%,16.55,16.48,17.02,"7,431,781","124,064,332.00"
17-Oct-2022,16.90,,-0.44,-3%,16.82,16.55,16.96,"7,717,899","129,079,110.00"
14-Oct-2022,17.34,,+0.35,2%,16.63,16.54,17.68,"13,677,328","236,154,583.00"
13-Oct-2022,16.99,,-0.50,-3%,17.77,16.83,17.78,"14,653,676","252,185,068.00"
12-Oct-2022,17.49,,-0.16,-1%,17.58,17.28,17.70,"8,510,331","148,583,460.00"
11-Oct-2022,17.65,,+0.27,2%,17.48,17.08,17.90,"12,829,318","224,142,913.00"
10-Oct-2022,17.38,,+0.41,2%,17.07,17.04,17.81,"11,185,039","194,245,566.00"
07-Oct-2022,16.97,,+0.67,4%,16.53,16.47,17.11,"11,931,989","201,101,791.00"
06-Oct-2022,16.30,,+0.46,3%,15.72,15.63,16.39,"10,475,168","167,533,491.00"
05-Oct-2022,15.84,,+0.12,1%,15.99,15.71,16.35,"9,414,088","150,957,674.00"
04-Oct-2022,15.72,,-0.59,-4%,15.66,15.58,15.94,"9,588,264","151,058,709.00"
03-Oct-2022,16.31,,-0.79,-5%,16.58,16.02,16.75,"9,550,542","155,504,974.00"
30-Sep-2022,17.10,,+0.38,2%,16.87,16.23,17.15,"10,630,216","177,638,215.00"
29-Sep-2022,16.72,,+0.46,3%,16.69,16.69,17.44,"14,691,055","250,649,167.00"
28-Sep-2022,16.26,,-0.70,-4%,16.83,16.06,17.13,"10,422,036","171,903,487.00"
27-Sep-2022,16.96,,+0.25,1%,16.29,16.19,17.39,"17,998,263","303,375,614.00"
26-Sep-2022,16.71,,+0.56,3%,16.51,15.86,16.87,"18,304,663","301,132,748.00"
23-Sep-2022,16.15,,+0.93,6%,15.59,15.55,16.88,"25,794,187","417,337,013.00"
22-Sep-2022,15.22,,-0.09,-1%,15.16,14.95,15.54,"10,493,279","160,305,156.00"
21-Sep-2022,15.31,,+0.48,3%,14.63,14.32,15.31,"16,018,512","236,070,620.00"
20-Sep-2022,14.83,,+0.48,3%,14.67,14.53,15.02,"13,921,152","205,794,837.00"
19-Sep-2022,14.35,,-0.47,-3%,15.05,14.24,15.08,"15,696,438","229,051,640.00"
16-Sep-2022,14.82,,0.00,0%,15.20,14.72,15.56,"12,789,049","194,097,349.00"
15-Sep-2022,14.82,,-0.03,0%,14.90,14.46,14.96,"14,657,589","216,187,442.00"
14-Sep-2022,14.85,,-0.03,0%,14.86,14.68,15.13,"15,956,345","237,365,176.00"
13-Sep-2022,14.88,,+1.19,9%,14.31,14.10,15.12,"24,214,672","352,335,823.00"
12-Sep-2022,13.69,,-0.07,-1%,13.50,13.39,13.87,"11,680,894","159,267,511.00"
09-Sep-2022,13.76,,-0.14,-1%,13.66,13.52,13.77,"7,185,920","98,104,937.00"
08-Sep-2022,13.90,,-0.22,-2%,14.36,13.85,14.48,"12,452,172","175,090,775.00"
07-Sep-2022,14.12,,-0.80,-5%,15.00,14.07,15.00,"13,578,028","195,666,458.00"
06-Sep-2022,14.92,,+0.31,2%,14.31,14.25,15.00,"10,386,339","153,350,494.00"
02-Sep-2022,14.61,,+0.13,1%,13.97,13.78,14.85,"12,289,745","176,143,366.00"
01-Sep-2022,14.48,,-0.11,-1%,14.85,14.43,15.24,"13,010,698","193,716,972.00"
31-Aug-2022,14.59,,-0.29,-2%,14.57,14.37,14.82,"8,046,853","117,335,524.00"
30-Aug-2022,14.88,,+0.25,2%,14.53,14.49,15.16,"12,698,113","188,685,799.00"
29-Aug-2022,14.63,,-0.14,-1%,14.97,14.48,15.04,"12,503,828","184,653,375.00"
26-Aug-2022,14.77,,+1.36,10%,13.53,13.38,14.83,"14,750,762","210,152,999.00"
25-Aug-2022,13.41,,-0.47,-3%,13.73,13.39,13.87,"5,771,857","78,334,312.00"
24-Aug-2022,13.88,,-0.47,-3%,14.26,13.79,14.31,"5,842,107","81,685,401.00"
23-Aug-2022,14.35,,-0.25,-2%,14.53,14.10,14.62,"8,305,331","118,781,558.00"
22-Aug-2022,14.60,,+0.89,6%,14.30,14.14,14.67,"11,113,801","160,105,680.00"
19-Aug-2022,13.71,,+0.65,5%,13.35,13.29,13.96,"12,114,003","165,808,663.00"
18-Aug-2022,13.06,,-0.21,-2%,13.27,13.03,13.40,"5,993,225","78,912,909.00"
17-Aug-2022,13.27,,-0.06,0%,13.48,13.10,13.62,"11,612,127","155,123,893.00"
16-Aug-2022,13.33,,+0.10,1%,13.27,13.17,13.47,"8,795,563","117,315,643.00"
15-Aug-2022,13.23,,-0.21,-2%,13.63,13.14,13.64,"5,157,840","68,730,244.00"
12-Aug-2022,13.44,,-0.17,-1%,13.50,13.14,13.57,"6,711,426","89,304,663.00"
11-Aug-2022,13.61,,+0.11,1%,13.44,13.36,13.88,"10,865,720","147,743,096.00"
10-Aug-2022,13.50,,-0.82,-6%,13.80,13.44,13.89,"7,171,299","97,794,756.00"
09-Aug-2022,14.32,,+0.10,1%,14.41,14.19,14.54,"5,295,754","75,995,189.00"
08-Aug-2022,14.22,,+0.08,1%,14.16,13.80,14.47,"9,182,771","130,069,881.00"
05-Aug-2022,14.14,,-0.37,-3%,14.82,14.12,14.82,"6,530,257","94,235,832.00"
04-Aug-2022,14.51,,+0.05,0%,14.58,14.48,14.84,"5,959,068","87,346,259.00"
03-Aug-2022,14.46,,-0.76,-5%,14.93,14.38,14.97,"6,279,961","91,682,581.00"
02-Aug-2022,15.22,,+0.15,1%,15.26,14.71,15.54,"9,644,802","145,790,012.00"
01-Aug-2022,15.07,,+0.51,4%,14.81,14.60,15.12,"7,574,443","112,649,058.00"
29-Jul-2022,14.56,,-0.14,-1%,14.66,14.47,14.80,"5,739,718","83,787,009.00"
28-Jul-2022,14.70,,-0.80,-5%,15.30,14.69,15.50,"8,940,342","134,192,763.00"
27-Jul-2022,15.50,,-0.49,-3%,15.65,15.18,15.68,"8,618,254","132,915,203.00"
26-Jul-2022,15.99,,+0.36,2%,15.81,15.76,16.26,"7,080,705","113,444,733.00"
25-Jul-2022,15.63,,-0.20,-1%,15.78,15.50,15.90,"8,933,006","140,154,351.00"
22-Jul-2022,15.83,,-0.08,-1%,15.90,15.74,16.30,"8,560,876","136,960,021.00"
21-Jul-2022,15.91,,-0.42,-3%,16.27,15.90,16.52,"8,699,772","140,403,002.00"
20-Jul-2022,16.33,,-0.37,-2%,16.56,16.22,16.68,"9,534,975","156,536,292.00"
19-Jul-2022,16.70,,-0.24,-1%,16.60,16.36,16.72,"8,146,430","134,567,304.00"
18-Jul-2022,16.94,,+0.48,3%,16.36,16.22,17.08,"7,423,376","124,014,242.00"
15-Jul-2022,16.46,,-0.88,-5%,16.96,16.43,17.09,"7,549,743","125,809,832.00"
14-Jul-2022,17.34,,+0.03,0%,17.85,17.29,18.13,"7,672,288","136,314,361.00"
13-Jul-2022,17.31,,-0.27,-2%,18.02,17.14,18.08,"7,418,105","130,042,128.00"
12-Jul-2022,17.58,,+0.17,1%,17.44,17.05,17.76,"5,358,991","93,173,025.00"
11-Jul-2022,17.41,,+0.48,3%,17.20,17.09,17.54,"5,220,310","90,337,167.00"
08-Jul-2022,16.93,,-0.36,-2%,17.35,16.80,17.35,"5,562,260","94,687,918.00"
07-Jul-2022,17.29,,-0.19,-1%,17.37,17.03,17.40,"4,619,324","79,525,226.00"
06-Jul-2022,17.48,,-0.29,-2%,17.81,17.39,18.08,"5,405,239","96,028,315.00"
05-Jul-2022,17.77,,-0.01,0%,18.43,17.72,18.80,"8,548,004","156,182,639.00"
01-Jul-2022,17.78,,-0.47,-3%,18.43,17.71,18.76,"7,091,174","128,923,629.00"
30-Jun-2022,18.25,,+0.17,1%,18.46,18.11,18.98,"9,328,691","172,761,340.00"
29-Jun-2022,18.08,,+0.05,0%,18.15,17.87,18.50,"7,030,810","127,728,336.00"
28-Jun-2022,18.03,,+0.51,3%,17.32,17.16,18.20,"9,207,094","163,493,387.00"
27-Jun-2022,17.52,,-0.56,-3%,17.95,17.47,18.16,"7,595,509","134,507,787.00"
24-Jun-2022,18.08,,-0.38,-2%,18.09,17.82,18.15,"6,097,575","109,724,701.00"
23-Jun-2022,18.46,,0.00,0%,18.32,18.28,18.92,"9,902,382","183,760,362.00"
22-Jun-2022,18.46,,-0.75,-4%,19.54,18.40,19.61,"9,208,020","173,635,079.00"
21-Jun-2022,19.21,,-0.39,-2%,18.84,18.51,19.25,"7,909,062","149,288,643.00"
17-Jun-2022,19.60,,-0.59,-3%,20.12,19.38,20.45,"9,771,203","193,206,311.00"
16-Jun-2022,20.19,,+1.21,6%,19.96,19.80,20.74,"15,531,896","315,428,060.00"
15-Jun-2022,18.98,,-1.20,-6%,19.66,18.33,19.75,"14,920,438","283,950,787.00"
14-Jun-2022,20.18,,-0.63,-3%,20.63,19.96,20.94,"11,931,335","243,119,135.00"
13-Jun-2022,20.81,,+2.47,13%,19.65,19.58,21.07,"14,880,648","301,867,170.00"
10-Jun-2022,18.34,,+1.04,6%,17.98,17.80,18.73,"14,789,744","269,766,959.00"
09-Jun-2022,17.30,,+0.80,5%,16.80,16.50,17.37,"7,542,316","127,906,039.00"
08-Jun-2022,16.50,,0.00,0%,16.72,16.40,16.88,"5,403,942","89,908,398.00"
07-Jun-2022,16.50,,-0.47,-3%,17.37,16.48,17.42,"5,204,500","87,692,537.00"
06-Jun-2022,16.97,,-0.20,-1%,16.85,16.74,17.23,"6,734,017","114,333,646.00"
03-Jun-2022,17.17,,+0.16,1%,17.34,17.07,17.57,"7,849,742","135,898,808.00"
02-Jun-2022,17.01,,-0.36,-2%,17.43,16.72,17.54,"7,366,899","125,820,503.00"
01-Jun-2022,17.37,,-0.12,-1%,17.27,17.09,18.29,"9,798,776","172,839,394.00"
31-May-2022,17.49,,-0.30,-2%,18.17,17.38,18.56,"7,617,469","135,882,136.00"
27-May-2022,17.79,,-0.70,-4%,18.04,17.76,18.21,"6,936,560","124,650,412.00"
26-May-2022,18.49,,-0.20,-1%,18.49,18.25,18.59,"6,148,755","113,216,498.00"
25-May-2022,18.69,,-0.43,-2%,19.43,18.49,19.45,"7,804,685","148,277,021.00"
24-May-2022,19.12,,+0.09,0%,19.45,18.99,20.00,"12,192,753","236,899,371.00"
23-May-2022,19.03,,-0.30,-2%,18.95,18.70,19.60,"8,847,747","168,314,540.00"
20-May-2022,19.33,,+0.09,0%,18.62,18.55,20.74,"16,676,750","329,197,043.00"
19-May-2022,19.24,,-1.33,-6%,20.92,19.16,21.04,"13,040,393","261,415,529.00"
18-May-2022,20.57,,+2.63,15%,18.35,18.23,20.68,"12,562,024","244,652,223.00"
17-May-2022,17.94,,-0.45,-2%,17.87,17.70,18.31,"7,854,552","140,959,363.00"
16-May-2022,18.39,,-0.79,-4%,19.07,18.37,19.23,"9,027,090","169,344,600.00"
13-May-2022,19.18,,-1.33,-6%,19.78,19.18,19.99,"10,099,647","196,991,938.00"
12-May-2022,20.51,,-0.37,-2%,21.25,20.40,21.72,"16,240,702","341,718,975.00"
11-May-2022,20.88,,-0.19,-1%,21.14,20.00,21.37,"18,655,786","386,900,586.00"
10-May-2022,21.07,,-0.72,-3%,20.74,20.63,21.90,"14,041,126","297,479,441.00"
09-May-2022,21.79,,+1.61,8%,21.07,20.84,22.00,"23,696,395","505,984,571.00"
06-May-2022,20.18,,-0.27,-1%,20.75,20.10,21.90,"26,025,085","541,224,641.00"
05-May-2022,20.45,,+3.08,18%,17.83,17.68,20.90,"31,633,641","622,056,520.00"
04-May-2022,17.37,,-1.75,-9%,18.87,17.23,19.15,"21,021,371","384,981,328.00"
03-May-2022,19.12,,-1.23,-6%,20.02,19.05,20.24,"18,188,878","356,394,447.00"
02-May-2022,20.35,,-0.28,-1%,20.75,20.20,21.77,"15,546,203","325,862,175.00"
29-Apr-2022,20.63,,+1.46,8%,19.45,18.85,20.76,"18,253,089","360,519,008.00"
28-Apr-2022,19.17,,-1.05,-5%,19.18,18.30,19.72,"12,609,863","240,195,009.00"
27-Apr-2022,20.22,,+0.41,2%,19.89,19.03,20.25,"16,360,307","320,428,441.00"
26-Apr-2022,19.81,,+1.88,10%,18.20,18.20,19.90,"19,539,310","376,569,446.00"
25-Apr-2022,17.93,,-0.43,-2%,18.60,17.82,19.44,"26,964,512","504,189,329.00"
22-Apr-2022,18.36,,+2.04,13%,16.37,16.27,18.49,"22,976,972","401,770,395.00"
21-Apr-2022,16.32,,+1.10,7%,14.94,14.88,16.61,"16,051,794","254,048,985.00"
20-Apr-2022,15.22,,-0.36,-2%,15.30,15.08,15.60,"11,170,824","171,189,298.00"
19-Apr-2022,15.58,,-0.81,-5%,16.36,15.39,16.43,"8,902,382","140,458,773.00"
18-Apr-2022,16.39,,-0.23,-1%,16.75,16.20,16.78,"8,557,177","140,972,744.00"
14-Apr-2022,16.62,,+0.39,2%,15.97,15.70,16.66,"9,047,322","146,509,343.00"
13-Apr-2022,16.23,,-1.17,-7%,17.46,16.15,17.51,"7,586,725","127,170,616.00"
12-Apr-2022,17.40,,+0.16,1%,16.84,16.43,17.46,"13,171,097","222,782,965.00"
11-Apr-2022,17.24,,+0.93,6%,16.67,16.49,17.26,"8,415,118","142,068,735.00"
08-Apr-2022,16.31,,0.00,0%,16.54,15.89,16.72,"8,614,544","140,189,584.00"
07-Apr-2022,16.31,,-0.49,-3%,16.92,16.20,17.25,"10,210,609","171,153,106.00"
06-Apr-2022,16.80,,+0.38,2%,17.00,16.68,17.74,"18,440,844","317,841,920.00"
05-Apr-2022,16.42,,+1.28,8%,15.38,15.24,16.49,"9,639,967","152,708,712.00"
04-Apr-2022,15.14,,-0.86,-5%,15.87,15.14,16.00,"5,808,443","90,085,527.00"
01-Apr-2022,16.00,,-0.57,-3%,16.35,15.95,16.68,"8,427,378","137,186,362.00"
31-Mar-2022,16.57,,+0.78,5%,15.90,15.84,16.68,"8,812,905","142,307,781.00"
30-Mar-2022,15.79,,+0.17,1%,15.76,15.49,16.31,"8,323,275","132,370,488.00"
29-Mar-2022,15.62,,-0.76,-5%,15.99,15.53,16.02,"8,532,775","134,797,957.00"
28-Mar-2022,16.38,,-0.25,-2%,16.83,16.37,17.50,"6,942,248","117,515,074.00"
25-Mar-2022,16.63,,-0.49,-3%,17.03,16.61,17.45,"6,591,076","112,342,928.00"
24-Mar-2022,17.12,,-0.40,-2%,17.47,16.99,17.72,"6,202,288","107,052,431.00"
23-Mar-2022,17.52,,-0.03,0%,18.04,17.46,18.07,"7,403,267","131,313,837.00"
22-Mar-2022,17.55,,-0.33,-2%,17.58,17.39,17.74,"6,049,763","106,186,593.00"
21-Mar-2022,17.88,,-0.19,-1%,18.07,17.40,18.54,"8,674,831","155,797,255.00"
18-Mar-2022,18.07,,-0.89,-5%,19.30,17.95,19.49,"8,209,851","153,116,656.00"
17-Mar-2022,18.96,,-0.30,-2%,19.31,18.73,19.53,"7,172,381","136,905,431.00"
16-Mar-2022,19.26,,-2.21,-10%,20.62,19.26,20.98,"11,328,249","226,221,489.00"
15-Mar-2022,21.47,,-0.73,-3%,21.90,21.02,22.22,"13,103,546","283,740,806.00"
14-Mar-2022,22.20,,+0.69,3%,21.41,20.79,22.87,"9,442,825","206,758,102.00"
11-Mar-2022,21.51,,+0.40,2%,20.47,20.42,21.59,"4,804,814","100,191,643.00"
10-Mar-2022,21.11,,-0.96,-4%,22.39,21.09,22.48,"4,569,658","100,115,494.00"
09-Mar-2022,22.07,,-0.94,-4%,21.81,21.45,22.23,"6,100,019","132,928,935.00"
08-Mar-2022,23.01,,-0.23,-1%,23.06,21.80,23.97,"8,984,974","206,708,391.00"
07-Mar-2022,23.24,,+1.89,9%,21.45,21.45,23.31,"6,536,182","145,596,408.00"
04-Mar-2022,21.35,,+0.85,4%,21.64,21.27,22.31,"7,576,398","164,942,329.00"
03-Mar-2022,20.50,,+0.10,0%,20.15,19.88,21.05,"6,872,314","140,623,907.00"
02-Mar-2022,20.40,,-1.36,-6%,21.48,20.17,21.63,"6,933,542","143,883,463.00"
01-Mar-2022,21.76,,+2.11,11%,20.13,19.86,22.03,"10,467,499","220,952,839.00"
28-Feb-2022,19.65,,+0.93,5%,20.16,19.24,20.39,"7,963,336","158,451,521.00"
25-Feb-2022,18.72,,-0.80,-4%,19.38,18.48,19.76,"10,060,218","191,175,726.00"
24-Feb-2022,19.52,,-0.63,-3%,22.40,19.41,22.42,"15,841,208","334,026,927.00"
23-Feb-2022,20.15,,+1.06,6%,18.56,18.51,20.24,"10,349,269","201,239,642.00"
22-Feb-2022,19.09,,-0.10,-1%,19.44,18.69,20.11,"12,916,997","249,272,152.00"
18-Feb-2022,19.19,,+0.49,3%,18.92,18.62,19.66,"11,418,762","218,892,326.00"
17-Feb-2022,18.70,,+1.93,12%,17.75,17.67,18.87,"11,741,388","213,764,498.00"
16-Feb-2022,16.77,,-0.68,-4%,17.75,16.71,18.08,"9,641,035","167,941,453.00"
15-Feb-2022,17.45,,-1.51,-8%,17.70,17.43,18.15,"9,277,796","164,399,483.00"
14-Feb-2022,18.96,,0.00,0%,19.05,18.81,20.25,"15,266,100","295,282,526.00"
11-Feb-2022,18.96,,+2.22,13%,16.71,16.59,19.50,"18,507,543","336,418,735.00"
10-Feb-2022,16.74,,+1.42,9%,16.10,15.35,17.13,"14,214,412","230,363,597.00"
09-Feb-2022,15.32,,-0.61,-4%,15.47,15.29,15.64,"6,200,058","95,814,193.00"
08-Feb-2022,15.93,,-0.77,-5%,16.54,15.85,16.81,"6,545,434","106,306,721.00"
07-Feb-2022,16.70,,-0.46,-3%,16.77,16.32,16.95,"6,277,908","104,418,854.00"
04-Feb-2022,17.16,,-0.62,-3%,17.57,16.60,18.10,"8,904,804","155,011,630.00"
03-Feb-2022,17.78,,+1.91,12%,16.86,16.41,17.96,"9,945,091","170,208,384.00"
02-Feb-2022,15.87,,-0.32,-2%,16.09,15.77,16.52,"8,278,786","133,625,937.00"
01-Feb-2022,16.19,,-1.29,-7%,17.17,16.17,17.65,"7,453,444","126,212,514.00"
31-Jan-2022,17.48,,-1.25,-7%,18.97,17.48,19.12,"9,746,605","176,413,742.00"
28-Jan-2022,18.73,,-1.28,-6%,19.60,18.66,20.45,"14,189,901","279,338,388.00"
27-Jan-2022,20.01,,+0.17,1%,18.84,18.50,20.53,"16,633,136","328,401,105.00"
26-Jan-2022,19.84,,+0.31,2%,18.63,17.78,20.32,"25,604,156","485,608,238.00"
25-Jan-2022,19.53,,+0.16,1%,20.70,18.93,21.45,"21,984,823","445,410,856.00"
24-Jan-2022,19.37,,+0.41,2%,20.25,19.03,22.75,"35,023,285","727,639,145.00"
21-Jan-2022,18.96,,+1.61,9%,17.68,17.29,18.98,"19,047,799","345,850,272.00"
20-Jan-2022,17.35,,+0.71,4%,16.23,15.60,17.48,"9,808,625","160,378,524.00"
19-Jan-2022,16.64,,+0.40,2%,15.89,15.83,16.78,"8,542,455","138,330,996.00"
18-Jan-2022,16.24,,+1.16,8%,15.73,15.70,16.39,"8,855,716","141,954,507.00"
14-Jan-2022,15.08,,-0.25,-2%,15.83,14.96,15.91,"6,576,132","102,212,811.00"
13-Jan-2022,15.33,,+0.91,6%,14.39,14.21,15.43,"5,876,373","87,000,294.00"
12-Jan-2022,14.42,,-0.15,-1%,14.36,14.12,14.69,"5,358,312","77,210,898.00"
11-Jan-2022,14.57,,-0.52,-3%,15.29,14.53,15.63,"5,015,867","75,391,075.00"
10-Jan-2022,15.09,,-0.29,-2%,15.98,15.04,16.84,"9,485,177","153,197,999.00"
07-Jan-2022,15.38,,-0.46,-3%,15.83,15.30,16.23,"5,428,530","85,497,852.00"
06-Jan-2022,15.84,,+0.11,1%,15.84,15.37,16.10,"7,077,246","111,249,413.00"
05-Jan-2022,15.73,,+1.12,8%,14.73,14.38,15.78,"6,964,470","105,080,558.00"
04-Jan-2022,14.61,,-0.01,0%,14.53,14.48,15.05,"4,294,608","63,281,530.00"
03-Jan-2022,14.62,,-0.55,-4%,14.93,14.61,15.23,"3,837,309","56,884,244.00"
31-Dec-2021,15.17,,-0.12,-1%,15.25,15.01,15.42,"2,821,023","42,813,039.00"
30-Dec-2021,15.29,,-0.01,0%,15.19,14.94,15.42,"2,987,984","45,189,476.00"
29-Dec-2021,15.30,,-0.39,-2%,15.67,15.15,15.85,"3,736,832","57,814,446.00"
28-Dec-2021,15.69,,-0.41,-3%,16.00,15.69,16.16,"4,031,196","64,320,857.00"
27-Dec-2021,16.10,,-0.38,-2%,16.35,16.02,16.58,"3,526,111","57,189,491.00"
23-Dec-2021,16.48,,-0.21,-1%,16.51,16.30,16.58,"3,771,665","61,937,678.00"
22-Dec-2021,16.69,,-1.00,-6%,17.66,16.67,17.66,"3,643,069","62,485,529.00"
21-Dec-2021,17.69,,-0.89,-5%,18.02,17.52,18.45,"3,891,743","69,633,760.00"
20-Dec-2021,18.58,,+0.62,3%,19.64,18.47,20.33,"6,795,518","132,748,099.00"
17-Dec-2021,17.96,,+0.56,3%,18.11,17.27,18.50,"7,473,299","133,885,327.00"
16-Dec-2021,17.40,,+0.72,4%,16.39,16.31,17.96,"6,919,805","118,444,620.00"
15-Dec-2021,16.68,,-1.29,-7%,18.12,16.63,18.81,"7,660,843","137,097,908.00"
14-Dec-2021,17.97,,+0.31,2%,18.26,17.78,18.81,"6,028,305","110,326,687.00"
13-Dec-2021,17.66,,+0.68,4%,17.17,17.12,17.86,"5,542,320","97,056,561.00"
10-Dec-2021,16.98,,-1.18,-6%,17.28,16.95,17.85,"4,842,305","83,943,685.00"
09-Dec-2021,18.16,,+0.49,3%,17.67,17.36,18.50,"4,950,267","88,212,395.00"
08-Dec-2021,17.67,,-1.10,-6%,18.57,17.60,18.81,"3,342,569","61,008,373.00"
07-Dec-2021,18.77,,-2.27,-11%,19.87,18.48,19.88,"4,618,137","88,140,114.00"
06-Dec-2021,21.04,,-1.85,-8%,22.06,20.97,22.84,"8,911,500","194,274,213.00"
03-Dec-2021,22.89,,+1.84,9%,20.81,20.69,24.64,"17,670,091","405,786,218.00"
02-Dec-2021,21.05,,-1.24,-6%,21.64,20.57,22.03,"9,540,686","203,289,313.00"
01-Dec-2021,22.29,,+1.59,8%,19.33,18.61,22.38,"7,964,711","160,551,057.00"
30-Nov-2021,20.70,,+2.55,14%,19.23,18.82,20.86,"9,194,416","184,386,112.00"
29-Nov-2021,18.15,,-2.84,-14%,18.92,17.70,19.10,"4,898,438","90,542,756.00"
26-Nov-2021,20.99,,+4.20,25%,18.78,18.49,21.62,"10,080,080","198,973,191.00"
24-Nov-2021,16.79,,-0.25,-1%,17.46,16.70,17.76,"3,909,079","67,476,069.00"
23-Nov-2021,17.04,,-0.38,-2%,17.45,16.95,17.78,"4,938,498","85,898,379.00"
22-Nov-2021,17.42,,+0.28,2%,16.79,16.68,17.50,"3,131,540","53,311,366.00"
19-Nov-2021,17.14,,+0.23,1%,17.04,16.77,17.33,"2,645,038","45,154,856.00"
18-Nov-2021,16.91,,+0.12,1%,16.63,16.53,17.14,"2,641,126","44,371,401.00"
17-Nov-2021,16.79,,+0.30,2%,16.45,16.37,16.81,"2,698,695","44,817,258.00"
16-Nov-2021,16.49,,+0.04,0%,16.60,16.25,16.60,"1,981,181","32,467,764.00"
15-Nov-2021,16.45,,-0.23,-1%,16.45,16.43,17.00,"2,244,517","37,405,931.00"
12-Nov-2021,16.68,,-0.59,-3%,16.98,16.59,17.13,"2,116,021","35,532,226.00"
11-Nov-2021,17.27,,-0.34,-2%,17.24,16.91,17.49,"2,018,958","34,726,532.00"
10-Nov-2021,17.61,,+0.30,2%,17.72,17.03,18.08,"4,103,634","71,889,237.00"
09-Nov-2021,17.31,,+0.28,2%,17.15,17.14,17.75,"3,814,135","66,615,792.00"
08-Nov-2021,17.03,,+0.04,0%,16.77,16.70,17.36,"2,196,257","37,343,536.00"
05-Nov-2021,16.99,,+0.56,3%,16.25,16.20,17.10,"2,816,625","46,932,292.00"
04-Nov-2021,16.43,,+0.24,1%,16.03,15.92,16.66,"2,278,193","37,165,256.00"
03-Nov-2021,16.19,,-0.61,-4%,16.85,16.07,16.93,"2,492,631","41,223,735.00"
02-Nov-2021,16.80,,-0.45,-3%,17.23,16.76,17.23,"1,497,855","25,390,501.00"
01-Nov-2021,17.25,,-0.24,-1%,17.34,17.20,17.88,"1,584,660","27,703,940.00"
29-Oct-2021,17.49,,+0.11,1%,17.82,17.38,17.85,"1,836,822","32,327,542.00"
28-Oct-2021,17.38,,-0.56,-3%,17.66,17.32,17.71,"1,671,476","29,279,630.00"
27-Oct-2021,17.94,,+0.41,2%,17.49,17.07,18.01,"3,078,648","53,872,638.00"
26-Oct-2021,17.53,,+0.33,2%,17.00,16.99,17.91,"3,328,338","57,950,500.00"
25-Oct-2021,17.20,,-0.52,-3%,17.58,17.18,17.90,"1,849,911","32,206,543.00"
22-Oct-2021,17.72,,+0.35,2%,17.42,17.21,18.16,"3,028,170","53,610,212.00"
21-Oct-2021,17.37,,-0.59,-3%,18.06,17.32,18.15,"2,019,540","35,825,278.00"
20-Oct-2021,17.96,,-0.15,-1%,18.15,17.87,18.19,"2,005,483","36,182,317.00"
19-Oct-2021,18.11,,-0.17,-1%,18.15,18.00,18.32,"2,023,866","36,680,443.00"
18-Oct-2021,18.28,,-0.38,-2%,18.95,18.17,18.97,"2,212,333","41,082,410.00"
15-Oct-2021,18.66,,-0.01,0%,18.47,18.12,18.72,"3,035,381","55,843,876.00"
14-Oct-2021,18.67,,-1.07,-5%,19.11,18.63,19.20,"3,289,808","62,325,984.00"
13-Oct-2021,19.74,,-0.38,-2%,20.01,19.70,20.41,"3,113,601","62,136,545.00"
12-Oct-2021,20.12,,-0.39,-2%,20.20,19.88,20.58,"3,239,860","65,465,919.00"
11-Oct-2021,20.51,,+0.23,1%,20.44,19.75,20.55,"3,525,967","70,897,043.00"
08-Oct-2021,20.28,,-0.39,-2%,20.40,20.10,20.59,"2,937,625","59,705,351.00"
07-Oct-2021,20.67,,-0.81,-4%,21.02,20.57,21.04,"2,778,043","57,734,632.00"
06-Oct-2021,21.48,,-0.25,-1%,22.25,21.37,23.10,"6,069,253","135,355,527.00"
05-Oct-2021,21.73,,-0.83,-4%,22.36,21.29,22.53,"3,819,640","83,067,972.00"
04-Oct-2021,22.56,,+0.63,3%,21.96,21.76,23.31,"6,954,384","158,520,307.00"
01-Oct-2021,21.93,,-0.87,-4%,22.25,21.39,23.05,"5,793,220","128,637,332.00"
30-Sep-2021,22.80,,+0.06,0%,22.18,21.63,23.17,"6,925,896","154,901,058.00"
29-Sep-2021,22.74,,+0.30,1%,22.26,22.00,22.92,"5,563,508","124,669,833.00"
28-Sep-2021,22.44,,+2.16,11%,21.14,20.95,22.87,"9,297,983","206,452,245.00"
27-Sep-2021,20.28,,+0.18,1%,20.20,19.91,20.47,"3,170,156","63,981,393.00"
24-Sep-2021,20.10,,-0.63,-3%,21.25,20.04,21.28,"3,895,701","79,913,583.00"
23-Sep-2021,20.73,,-1.37,-6%,21.38,20.64,21.45,"6,624,966","138,791,534.00"
22-Sep-2021,22.10,,-1.32,-6%,22.83,21.66,23.14,"7,225,122","160,546,813.00"
21-Sep-2021,23.42,,-0.91,-4%,23.62,23.06,24.83,"7,219,620","171,950,363.00"
20-Sep-2021,24.33,,+2.39,11%,23.68,23.11,26.50,"14,444,741","357,520,955.00"
17-Sep-2021,21.94,,+1.35,7%,20.72,20.55,21.99,"5,025,027","107,863,320.00"
16-Sep-2021,20.59,,-0.21,-1%,20.89,20.36,21.39,"3,976,466","83,146,423.00"
15-Sep-2021,20.80,,-0.88,-4%,21.26,20.62,21.69,"5,274,055","111,680,603.00"
14-Sep-2021,21.68,,+0.34,2%,21.02,20.87,22.00,"5,078,045","109,107,785.00"
13-Sep-2021,21.34,,-0.71,-3%,21.19,21.06,22.33,"5,542,293","120,155,432.00"
10-Sep-2021,22.05,,+0.71,3%,20.57,20.39,22.27,"3,964,904","84,290,093.00"
09-Sep-2021,21.34,,+0.46,2%,21.01,20.40,21.40,"3,800,790","79,457,279.00"
08-Sep-2021,20.88,,-0.03,0%,21.26,20.82,21.62,"3,461,095","73,579,457.00"
07-Sep-2021,20.91,,+0.45,2%,20.57,20.51,21.08,"2,349,204","48,801,317.00"
03-Sep-2021,20.46,,+0.19,1%,20.63,20.22,20.79,"3,070,445","62,902,953.00"
02-Sep-2021,20.27,,-0.04,0%,20.07,20.03,20.65,"2,814,248","57,198,914.00"
01-Sep-2021,20.31,,-0.54,-3%,20.70,20.15,20.88,"2,757,402","56,382,658.00"
31-Aug-2021,20.85,,-0.07,0%,21.03,20.81,21.23,"3,155,904","66,296,941.00"
30-Aug-2021,20.92,,-0.22,-1%,20.91,20.78,21.16,"2,881,166","60,538,359.00"
27-Aug-2021,21.14,,-1.15,-5%,21.93,20.96,21.94,"4,569,768","97,104,929.00"
26-Aug-2021,22.29,,+0.93,4%,21.67,21.48,22.55,"5,101,564","112,705,940.00"
25-Aug-2021,21.36,,-0.50,-2%,21.76,21.30,21.87,"2,655,579","57,059,276.00"
24-Aug-2021,21.86,,-0.05,0%,21.83,21.70,22.01,"1,930,979","42,202,760.00"
23-Aug-2021,21.91,,-0.79,-3%,22.07,21.55,22.07,"3,435,842","74,609,678.00"
20-Aug-2021,22.70,,-1.84,-7%,24.16,22.51,24.30,"4,442,719","103,298,353.00"
19-Aug-2021,24.54,,+0.77,3%,24.90,23.66,25.26,"9,352,487","228,467,436.00"
18-Aug-2021,23.77,,+1.52,7%,22.57,22.23,23.97,"7,988,309","181,762,207.00"
17-Aug-2021,22.25,,+0.70,3%,22.20,21.89,23.36,"7,748,915","174,993,253.00"
16-Aug-2021,21.55,,+0.10,0%,22.12,21.54,22.48,"4,765,835","105,058,143.00"
13-Aug-2021,21.45,,0.00,0%,21.19,21.05,21.58,"2,110,339","44,951,992.86"
12-Aug-2021,21.45,,-0.48,-2%,22.04,21.21,22.12,"2,209,910","47,652,492.35"
11-Aug-2021,21.93,,-0.62,-3%,22.33,21.80,22.51,"2,386,952","52,989,059.65"
10-Aug-2021,22.55,,-0.32,-1%,22.67,22.26,22.84,"2,313,614","52,274,869.97"
09-Aug-2021,22.87,,-0.27,-1%,23.11,22.72,23.33,"1,677,038","38,610,476.82"
06-Aug-2021,23.14,,-0.60,-3%,23.53,23.11,23.67,"2,031,239","47,590,028.69"
05-Aug-2021,23.74,,-0.64,-3%,24.14,23.74,24.16,"1,870,508","44,651,102.88"
04-Aug-2021,24.38,,-0.02,0%,24.87,24.12,24.93,"2,469,558","60,585,731.53"
03-Aug-2021,24.40,,-1.28,-5%,25.29,24.36,25.96,"3,698,198","92,952,361.13"
02-Aug-2021,25.68,,+0.91,4%,24.42,24.34,25.81,"3,423,971","86,046,376.79"
30-Jul-2021,24.77,,+0.66,3%,24.99,24.16,25.03,"2,826,060","69,550,622.57"
29-Jul-2021,24.11,,-0.50,-2%,24.40,23.96,24.40,"2,307,643","55,703,862.21"
28-Jul-2021,24.61,,-0.64,-3%,24.97,24.18,25.69,"3,398,587","84,753,667.13"
27-Jul-2021,25.25,,+0.81,3%,24.97,24.96,26.52,"5,021,927","129,671,070.88"
26-Jul-2021,24.44,,-0.33,-1%,25.07,24.42,25.39,"2,300,487","57,406,717.70"
23-Jul-2021,24.77,,-0.16,-1%,24.37,24.33,24.89,"2,334,495","57,457,607.57"
22-Jul-2021,24.93,,+0.44,2%,24.64,24.30,25.32,"3,068,150","75,830,727.09"
21-Jul-2021,24.49,,-1.79,-7%,25.55,24.42,25.65,"3,201,241","80,015,950.41"
20-Jul-2021,26.28,,-2.28,-8%,28.35,25.78,28.81,"5,218,159","140,694,066.89"
19-Jul-2021,28.56,,+3.61,14%,26.45,26.21,30.30,"11,747,052","333,146,904.94"
16-Jul-2021,24.95,,+0.92,4%,23.48,23.32,25.03,"2,986,292","72,161,524.97"
15-Jul-2021,24.03,,+0.35,1%,24.28,23.85,24.56,"3,830,758","92,670,533.05"
14-Jul-2021,23.68,,-0.57,-2%,23.63,23.46,24.51,"3,387,037","80,802,803.23"
13-Jul-2021,24.25,,+0.31,1%,23.91,23.40,24.31,"3,329,342","79,437,995.09"
12-Jul-2021,23.94,,-0.13,-1%,24.14,23.75,24.25,"2,136,139","51,222,967.90"
09-Jul-2021,24.07,,-1.81,-7%,25.02,23.94,25.18,"3,700,743","90,284,328.41"
08-Jul-2021,25.88,,+1.62,7%,26.35,25.39,26.57,"5,738,284","149,641,642.40"
07-Jul-2021,24.26,,+0.06,0%,23.96,23.88,25.03,"2,851,818","69,525,462.48"
06-Jul-2021,24.20,,+0.57,2%,23.44,23.41,24.90,"3,750,321","91,046,333.76"
02-Jul-2021,23.63,,-0.12,-1%,23.13,22.95,23.80,"2,505,608","58,317,859.81"
01-Jul-2021,23.75,,-0.33,-1%,23.85,23.65,24.05,"2,340,057","55,792,206.23"
30-Jun-2021,24.08,,-0.25,-1%,24.53,23.88,24.68,"1,983,326","47,993,541.10"
29-Jun-2021,24.33,,+0.42,2%,23.70,23.63,24.41,"2,105,718","50,534,055.79"
28-Jun-2021,23.91,,+0.04,0%,23.70,23.59,24.23,"1,827,723","43,644,627.77"
25-Jun-2021,23.87,,-0.36,-1%,24.20,23.85,24.45,"1,932,800","46,546,964.53"
24-Jun-2021,24.23,,-0.54,-2%,24.15,24.05,24.42,"2,550,749","61,767,981.31"
23-Jun-2021,24.77,,-0.50,-2%,24.95,24.52,25.02,"2,639,968","65,344,117.75"
22-Jun-2021,25.27,,-1.23,-5%,26.80,25.24,26.91,"3,390,792","87,986,617.42"
21-Jun-2021,26.50,,-1.86,-7%,27.37,26.20,28.20,"5,044,032","136,095,070.34"
18-Jun-2021,28.36,,+2.27,9%,27.31,26.60,28.54,"8,699,725","238,921,816.63"
17-Jun-2021,26.09,,-0.16,-1%,26.32,25.18,26.66,"4,830,845","124,592,259.13"
16-Jun-2021,26.25,,+0.25,1%,25.69,25.21,26.94,"6,644,050","172,560,844.90"
15-Jun-2021,26.00,,+0.57,2%,25.55,25.47,26.21,"2,493,713","64,495,314.31"
14-Jun-2021,25.42,,+0.19,1%,25.15,25.06,25.92,"2,129,398","54,283,502.89"
11-Jun-2021,25.23,,-0.70,-3%,25.44,25.02,25.50,"2,831,492","71,463,222.86"
10-Jun-2021,25.93,,-1.67,-6%,26.84,25.90,26.97,"3,529,415","92,881,922.67"
09-Jun-2021,27.60,,+0.41,2%,26.83,26.81,27.75,"3,755,918","102,243,002.33"
08-Jun-2021,27.19,,+0.33,1%,26.65,26.60,27.71,"3,144,905","84,921,191.86"
07-Jun-2021,26.86,,-0.49,-2%,27.31,26.77,27.57,"2,710,114","73,716,457.72"
04-Jun-2021,27.35,,-1.53,-5%,27.95,27.20,27.95,"3,708,707","101,776,190.18"
03-Jun-2021,28.88,,+0.52,2%,29.20,28.43,29.62,"4,124,691","119,088,784.49"
02-Jun-2021,28.36,,-0.71,-2%,28.74,27.91,29.00,"3,315,171","94,333,995.65"
01-Jun-2021,29.07,,+0.71,3%,27.72,27.56,29.10,"3,672,461","104,573,340.69"
28-May-2021,28.36,,+0.40,1%,27.66,27.53,28.45,"3,963,523","110,431,334.98"
27-May-2021,27.96,,-1.43,-5%,29.05,27.77,29.07,"5,092,702","143,740,989.37"
26-May-2021,29.39,,-1.45,-5%,30.39,29.25,30.49,"5,696,432","169,334,264.13"
25-May-2021,30.84,,0.00,0%,30.64,30.60,31.40,"2,474,438","76,583,957.43"
24-May-2021,30.84,,-1.48,-5%,31.68,30.52,31.68,"2,521,718","78,068,332.75"
21-May-2021,32.32,,-0.44,-1%,32.16,31.80,32.76,"3,389,088","109,140,822.23"
20-May-2021,32.76,,-1.84,-5%,33.72,32.40,34.20,"4,108,298","136,469,295.48"
19-May-2021,34.60,,+1.44,4%,35.32,34.43,37.94,"9,490,663","342,151,623.07"
18-May-2021,33.16,,+0.88,3%,32.20,31.44,33.24,"3,698,893","118,696,242.50"
17-May-2021,32.28,,+0.64,2%,32.32,31.64,33.88,"3,041,480","100,201,553.69"
14-May-2021,31.64,,-4.20,-12%,33.88,31.24,33.92,"3,229,396","104,610,195.54"
13-May-2021,35.84,,-3.72,-9%,37.32,35.00,37.40,"5,997,876","218,230,679.88"
12-May-2021,39.56,,+5.80,17%,35.04,34.94,40.88,"10,893,070","419,198,811.43"
11-May-2021,33.76,,+2.44,8%,33.20,32.16,34.52,"6,348,373","212,624,619.88"
10-May-2021,31.32,,+1.32,4%,30.00,29.48,31.44,"2,914,519","88,715,731.13"
07-May-2021,30.00,,-1.92,-6%,31.88,29.92,31.96,"2,521,826","77,856,565.01"
06-May-2021,31.92,,-0.20,-1%,32.20,31.80,33.48,"2,482,667","80,929,553.14"
05-May-2021,32.12,,-0.76,-2%,32.36,31.52,33.08,"2,424,291","82,504,471.60"
04-May-2021,32.88,,+1.20,4%,32.56,32.31,34.72,"4,343,803","146,728,302.41"
03-May-2021,31.68,,-1.24,-4%,32.12,31.68,32.40,"1,594,173","51,007,825.12"
30-Apr-2021,32.92,,+1.28,4%,32.32,31.88,33.20,"2,013,581","65,578,138.01"
29-Apr-2021,31.64,,-0.20,-1%,31.24,31.12,32.88,"1,812,350","57,849,332.35"
28-Apr-2021,31.84,,-0.12,0%,31.80,31.52,32.24,"1,363,864","43,462,734.92"
27-Apr-2021,31.96,,-0.72,-2%,32.48,31.80,32.92,"1,451,392","46,890,179.23"
26-Apr-2021,32.68,,-0.24,-1%,32.60,32.40,33.08,"1,450,021","47,338,195.34"
23-Apr-2021,32.92,,-1.56,-5%,33.88,32.16,34.04,"2,096,027","69,160,011.26"
22-Apr-2021,34.48,,+2.24,7%,32.20,32.00,34.80,"2,942,210","98,367,302.25"
21-Apr-2021,32.24,,-1.76,-5%,34.24,32.04,34.64,"1,728,729","57,218,170.52"
20-Apr-2021,34.00,,+0.76,2%,33.72,33.44,35.16,"2,118,324","72,827,586.67"
19-Apr-2021,33.24,,+1.12,3%,32.40,32.24,34.20,"2,445,678","81,733,207.46"
16-Apr-2021,32.12,,-0.52,-2%,32.60,31.84,32.86,"1,006,300","32,477,305.27"
15-Apr-2021,32.64,,-1.12,-3%,32.96,32.46,33.08,"840,927","27,571,918.54"
14-Apr-2021,33.76,,+0.76,2%,33.16,32.88,33.88,"1,368,938","45,686,406.19"
13-Apr-2021,33.00,,-0.28,-1%,33.32,32.76,33.44,"925,498","30,647,461.64"
12-Apr-2021,33.28,,-0.52,-2%,34.08,33.28,34.68,"964,769","32,809,397.00"
09-Apr-2021,33.80,,-0.08,0%,34.12,33.24,34.32,"1,029,554","34,846,313.38"
08-Apr-2021,33.88,,-0.52,-2%,33.88,33.48,34.16,"1,121,106","37,958,281.81"
07-Apr-2021,34.40,,-1.08,-3%,35.28,34.20,35.40,"960,609","33,317,057.02"
06-Apr-2021,35.48,,+0.32,1%,35.20,34.64,35.50,"674,474","23,663,754.45"
05-Apr-2021,35.16,,-1.08,-3%,35.08,34.92,35.66,"1,026,794","36,193,105.83"
01-Apr-2021,36.24,,-1.16,-3%,36.88,35.92,37.04,"1,082,223","39,434,120.12"
31-Mar-2021,37.40,,-0.24,-1%,37.28,36.64,38.12,"1,105,306","41,229,331.28"
30-Mar-2021,37.64,,-1.84,-5%,39.32,37.60,39.76,"1,124,155","43,436,273.60"
29-Mar-2021,39.48,,+1.08,3%,39.36,38.92,40.48,"1,389,332","55,091,385.27"
26-Mar-2021,38.40,,-1.56,-4%,39.32,37.96,40.84,"2,078,890","81,077,083.10"
25-Mar-2021,39.96,,-1.28,-3%,41.56,39.80,43.56,"1,977,662","82,501,465.00"
24-Mar-2021,41.24,,+0.24,1%,40.08,39.26,41.28,"1,281,257","51,519,587.26"
23-Mar-2021,41.00,,+2.00,5%,39.36,39.24,41.68,"1,832,389","73,892,425.63"
22-Mar-2021,39.00,,-3.16,-7%,41.32,38.80,41.56,"1,428,238","57,123,316.81"
19-Mar-2021,42.16,,-1.40,-3%,43.22,41.60,44.40,"1,563,310","66,748,775.09"
18-Mar-2021,43.56,,+2.36,6%,42.08,41.28,43.88,"1,745,975","74,103,086.56"
17-Mar-2021,41.20,,-1.96,-5%,43.60,41.16,43.80,"1,973,829","84,075,693.34"
16-Mar-2021,43.16,,0.00,0%,43.08,41.84,43.20,"1,704,887","72,401,617.38"
15-Mar-2021,43.16,,-2.60,-6%,45.60,42.92,45.92,"1,336,431","59,264,401.81"
12-Mar-2021,45.76,,-0.80,-2%,47.48,45.72,47.60,"1,081,366","50,361,620.61"
11-Mar-2021,46.56,,-1.24,-3%,47.00,46.24,47.12,"1,086,490","50,632,683.60"
10-Mar-2021,47.80,,-0.56,-1%,47.08,47.04,48.12,"1,299,050","61,704,062.17"
09-Mar-2021,48.36,,-2.44,-5%,49.00,47.80,49.24,"1,546,841","74,766,522.44"
08-Mar-2021,50.80,,+1.20,2%,49.64,48.56,50.84,"2,246,074","111,533,966.22"
05-Mar-2021,49.60,,-3.68,-7%,51.32,49.36,54.84,"5,225,668","271,513,094.94"
04-Mar-2021,53.28,,+2.12,4%,50.56,49.40,55.60,"5,880,035","308,362,662.12"
03-Mar-2021,51.16,,+2.16,4%,48.68,48.24,51.16,"2,586,797","129,034,414.41"
02-Mar-2021,49.00,,+0.80,2%,48.68,48.00,49.24,"1,938,277","94,261,227.58"
01-Mar-2021,48.20,,-4.00,-8%,49.36,47.96,49.36,"2,337,858","113,557,131.62"
26-Feb-2021,52.20,,-2.60,-5%,52.68,51.24,56.60,"4,804,731","256,742,304.16"
25-Feb-2021,54.80,,+7.36,16%,48.40,47.64,56.32,"5,978,203","312,502,998.45"
24-Feb-2021,47.44,,-1.88,-4%,50.72,47.28,51.20,"2,048,286","100,730,285.91"
23-Feb-2021,49.32,,-2.12,-4%,51.84,49.28,54.36,"2,636,574","136,971,374.59"
22-Feb-2021,51.44,,+2.08,4%,51.16,49.64,51.56,"1,585,882","80,406,379.55"
19-Feb-2021,49.36,,-2.00,-4%,50.80,48.92,50.96,"2,027,746","101,266,909.59"
18-Feb-2021,51.36,,+0.44,1%,52.52,50.80,53.10,"1,751,429","90,911,409.25"
17-Feb-2021,50.92,,-0.72,-1%,52.88,50.84,53.80,"1,905,306","100,247,573.02"
16-Feb-2021,51.64,,+0.08,0%,51.84,51.08,52.68,"1,843,360","95,493,636.59"
12-Feb-2021,51.56,,-1.72,-3%,53.84,51.44,53.88,"1,898,315","99,711,402.18"
11-Feb-2021,53.28,,-1.24,-2%,53.96,53.28,55.83,"1,736,731","94,617,727.84"
10-Feb-2021,54.52,,+0.76,1%,53.40,53.28,56.20,"2,974,356","162,606,464.73"
09-Feb-2021,53.76,,+0.28,1%,54.20,53.08,54.64,"1,343,194","72,212,841.44"
08-Feb-2021,53.48,,-0.42,-1%,53.68,53.48,54.48,"1,681,977","90,630,284.29"
05-Feb-2021,53.90,,-0.14,0%,53.84,53.80,55.08,"1,815,154","98,438,860.19"
04-Feb-2021,54.04,,-2.48,-4%,55.32,54.04,55.44,"1,179,842","64,599,087.64"
03-Feb-2021,56.52,,-3.20,-5%,58.24,56.44,59.16,"1,357,575","78,016,109.40"
02-Feb-2021,59.72,,-5.44,-8%,62.00,58.92,62.12,"2,045,614","123,142,591.41"
01-Feb-2021,65.16,,-4.04,-6%,65.80,64.22,69.68,"3,052,034","203,521,449.26"
29-Jan-2021,69.20,,+4.24,7%,66.48,62.88,71.28,"5,129,530","346,646,097.77"
28-Jan-2021,64.96,,-1.36,-2%,63.44,61.72,66.40,"4,875,557","310,339,487.30"
27-Jan-2021,66.32,,+11.40,21%,57.88,57.76,67.40,"5,760,144","358,049,091.56"
26-Jan-2021,54.92,,-0.92,-2%,54.92,53.88,55.36,"1,259,561","68,778,944.43"
25-Jan-2021,55.84,,+2.16,4%,54.24,53.84,58.24,"3,092,054","173,491,015.39"
22-Jan-2021,53.68,,+0.76,1%,54.32,53.06,54.60,"1,222,767","65,689,207.75"
21-Jan-2021,52.92,,-0.44,-1%,53.40,52.92,54.28,"1,058,775","56,586,735.73"
20-Jan-2021,53.36,,-1.12,-2%,53.76,53.12,54.52,"1,778,173","95,896,001.69"
19-Jan-2021,54.48,,-1.56,-3%,54.64,54.16,55.52,"2,011,286","110,239,619.12"
15-Jan-2021,56.04,,+1.36,2%,55.48,54.68,57.40,"1,716,359","95,800,272.11"
14-Jan-2021,54.68,,+0.68,1%,53.60,52.93,55.00,"1,338,197","72,107,108.81"
13-Jan-2021,54.00,,-0.86,-2%,54.84,53.56,55.23,"932,739","50,489,545.38"
12-Jan-2021,54.86,,-1.94,-3%,55.52,54.70,57.16,"1,300,167","72,410,830.53"
11-Jan-2021,56.80,,+3.28,6%,55.56,54.68,57.00,"1,536,099","85,751,610.06"
08-Jan-2021,53.52,,-0.52,-1%,53.76,53.20,55.46,"1,746,267","94,177,316.87"
07-Jan-2021,54.04,,-3.52,-6%,54.96,54.04,55.28,"1,542,885","84,249,267.99"
06-Jan-2021,57.56,,-0.36,-1%,57.24,54.16,58.92,"3,631,564","204,623,406.55"
05-Jan-2021,57.92,,-2.28,-4%,61.24,57.32,61.28,"2,013,823","119,129,712.45"
04-Jan-2021,60.20,,+5.24,10%,54.96,54.92,61.60,"3,254,095","193,053,407.94"
31-Dec-2020,54.96,,-0.04,0%,55.00,53.96,55.90,"1,091,956","59,906,925.35"
30-Dec-2020,55.00,,-2.16,-4%,56.80,54.84,57.08,"846,794","47,634,532.63"
29-Dec-2020,57.16,,+2.16,4%,54.24,54.24,58.16,"1,174,235","66,431,432.91"
28-Dec-2020,55.00,,-0.40,-1%,54.48,54.24,55.20,"619,632","33,899,931.96"
24-Dec-2020,55.40,,-1.56,-3%,56.16,55.28,56.20,"396,024","22,063,662.33"
23-Dec-2020,56.96,,-2.28,-4%,58.12,55.88,58.20,"806,901","45,938,353.26"
22-Dec-2020,59.24,,-1.16,-2%,59.72,59.04,60.54,"862,153","51,596,952.55"
21-Dec-2020,60.40,,+4.08,7%,61.56,59.20,63.80,"2,461,102","150,942,674.09"
18-Dec-2020,56.32,,+1.32,2%,55.36,55.32,57.60,"1,157,890","65,600,068.41"
17-Dec-2020,55.00,,-0.60,-1%,55.84,54.44,56.08,"847,945","46,884,085.94"
16-Dec-2020,55.60,,-2.00,-3%,57.52,55.60,58.00,"839,581","47,754,549.14"
15-Dec-2020,57.60,,-2.84,-5%,59.00,57.52,59.68,"992,885","58,269,043.39"
14-Dec-2020,60.44,,+1.40,2%,57.08,56.59,60.48,"1,208,652","70,412,458.55"
11-Dec-2020,59.04,,+2.16,4%,58.24,57.44,60.58,"1,783,592","105,001,191.26"
10-Dec-2020,56.88,,+0.48,1%,56.76,55.36,57.28,"988,132","55,707,191.96"
09-Dec-2020,56.40,,+1.96,4%,53.84,53.36,56.88,"1,722,035","95,182,973.23"
08-Dec-2020,54.44,,-1.96,-3%,56.84,54.32,56.88,"1,161,841","64,614,271.55"
07-Dec-2020,56.40,,+0.32,1%,56.68,56.12,56.96,"714,018","40,375,425.20"
04-Dec-2020,56.08,,-0.84,-1%,56.32,55.55,56.40,"763,344","42,652,975.89"
03-Dec-2020,56.92,,+0.44,1%,55.92,55.72,57.56,"719,365","40,743,884.68"
02-Dec-2020,56.48,,-0.24,0%,56.92,55.36,56.96,"740,300","41,559,657.52"
01-Dec-2020,56.72,,+0.44,1%,55.80,55.40,57.08,"1,019,892","57,321,030.22"
30-Nov-2020,56.28,,-1.12,-2%,57.72,56.20,59.56,"969,049","55,816,835.50"
27-Nov-2020,57.40,,+0.36,1%,56.48,56.04,57.80,"500,996","28,382,142.80"
25-Nov-2020,57.04,,-2.16,-4%,59.32,56.92,60.00,"1,016,008","59,624,727.82"
24-Nov-2020,59.20,,-0.92,-2%,58.96,58.84,60.16,"856,869","50,897,252.07"
23-Nov-2020,60.12,,-0.76,-1%,60.20,59.20,61.36,"900,648","54,196,510.60"
20-Nov-2020,60.88,,-0.20,0%,61.04,59.80,61.24,"920,027","55,646,747.58"
19-Nov-2020,61.08,,-1.16,-2%,61.60,60.10,62.55,"914,719","56,132,730.76"
18-Nov-2020,62.24,,+2.24,4%,59.36,58.80,62.28,"1,166,299","70,200,061.82"
17-Nov-2020,60.00,,-0.96,-2%,62.32,59.92,62.64,"928,763","56,474,039.97"
16-Nov-2020,60.96,,-1.60,-3%,61.00,60.88,63.24,"1,091,425","67,285,611.96"
13-Nov-2020,62.56,,-4.12,-6%,64.48,61.52,64.48,"989,675","62,140,556.34"
12-Nov-2020,66.68,,+4.20,7%,63.32,62.56,68.08,"2,310,539","152,129,508.86"
11-Nov-2020,62.48,,-1.28,-2%,62.80,61.12,63.60,"832,809","52,001,548.92"
10-Nov-2020,63.76,,-2.12,-3%,64.24,63.68,66.56,"814,112","52,701,407.94"
09-Nov-2020,65.88,,-1.52,-2%,62.72,59.76,65.92,"2,208,162","137,409,082.59"
06-Nov-2020,67.40,,-4.68,-6%,71.44,67.26,71.54,"1,504,801","104,391,916.62"
05-Nov-2020,72.08,,-1.40,-2%,71.04,70.32,72.92,"1,492,407","106,777,113.35"
04-Nov-2020,73.48,,-7.08,-9%,77.00,72.76,77.20,"2,147,385","159,470,610.12"
03-Nov-2020,80.56,,-4.48,-5%,82.44,79.32,82.96,"1,328,572","107,852,686.15"
02-Nov-2020,85.04,,-1.88,-2%,82.96,82.76,86.20,"1,478,392","124,752,854.28"
30-Oct-2020,86.92,,+3.72,4%,85.72,84.52,88.56,"1,958,000","169,979,798.20"
29-Oct-2020,83.20,,-7.64,-8%,89.08,81.74,90.80,"1,823,873","157,101,646.84"
28-Oct-2020,90.84,,+11.44,14%,85.56,84.52,90.96,"3,109,930","274,329,947.46"
27-Oct-2020,79.40,,+0.36,0%,79.20,77.80,80.88,"1,377,651","109,265,170.41"
26-Oct-2020,79.04,,+6.36,9%,74.48,73.68,80.47,"2,197,857","170,498,422.89"
23-Oct-2020,72.68,,+0.08,0%,72.48,72.20,74.28,"683,240","50,049,050.05"
22-Oct-2020,72.60,,-1.68,-2%,74.20,71.92,74.88,"887,912","65,043,354.93"
21-Oct-2020,74.28,,-1.84,-2%,75.72,73.88,76.68,"969,950","73,066,001.57"
20-Oct-2020,76.12,,-0.04,0%,75.64,75.00,76.48,"1,011,702","76,699,422.06"
19-Oct-2020,76.16,,+3.24,4%,72.60,72.50,76.64,"937,869","69,949,820.60"
16-Oct-2020,72.92,,+0.48,1%,72.36,71.31,73.00,"601,837","43,386,573.13"
15-Oct-2020,72.44,,+0.56,1%,74.96,72.28,75.72,"890,420","65,861,114.17"
14-Oct-2020,71.88,,-0.60,-1%,71.96,70.73,72.99,"1,200,662","86,152,145.39"
13-Oct-2020,72.48,,+0.76,1%,72.52,72.04,74.04,"937,530","68,151,239.55"
12-Oct-2020,71.72,,-1.36,-2%,71.80,71.44,73.04,"683,889","49,406,148.97"
09-Oct-2020,73.08,,-4.08,-5%,74.72,73.04,74.80,"969,786","71,682,539.16"
08-Oct-2020,77.16,,-3.16,-4%,79.28,76.94,79.84,"828,189","65,031,561.83"
07-Oct-2020,80.32,,-2.60,-3%,81.32,79.76,81.76,"614,718","49,489,630.20"
06-Oct-2020,82.92,,+1.04,1%,81.16,79.66,83.72,"1,369,987","111,900,742.45"
05-Oct-2020,81.88,,-2.48,-3%,83.68,81.26,84.56,"643,551","53,322,572.61"
02-Oct-2020,84.36,,+2.32,3%,86.12,82.96,86.48,"1,243,364","105,138,225.02"
01-Oct-2020,82.04,,+0.40,0%,80.76,80.68,83.24,"776,601","63,604,654.75"
30-Sep-2020,81.64,,-0.12,0%,80.68,79.64,82.48,"966,675","78,219,992.86"
29-Sep-2020,81.76,,-1.64,-2%,83.64,80.52,83.64,"694,778","56,840,587.21"
28-Sep-2020,83.40,,-0.28,0%,82.92,82.83,84.06,"549,722","45,874,189.65"
25-Sep-2020,83.68,,-2.32,-3%,86.00,83.24,86.60,"676,819","57,597,605.11"
24-Sep-2020,86.00,,-1.56,-2%,87.64,84.40,88.56,"1,117,667","96,672,915.11"
23-Sep-2020,87.56,,+4.44,5%,82.72,82.48,87.64,"1,342,668","114,284,998.10"
22-Sep-2020,83.12,,+0.56,1%,82.48,82.32,85.32,"804,728","67,333,961.86"
21-Sep-2020,82.56,,+2.64,3%,83.32,82.12,87.36,"1,661,237","140,496,135.86"
18-Sep-2020,79.92,,+0.04,0%,79.36,77.64,81.84,"1,417,587","112,959,958.47"
17-Sep-2020,79.88,,-1.80,-2%,84.36,79.62,84.64,"1,507,059","122,682,091.43"
16-Sep-2020,81.68,,-0.48,-1%,81.52,79.60,81.92,"1,302,701","105,209,536.95"
15-Sep-2020,82.16,,-0.04,0%,81.40,81.00,83.54,"1,002,507","82,462,647.49"
14-Sep-2020,82.20,,-1.32,-2%,82.64,81.08,83.44,"1,060,877","87,355,820.54"
11-Sep-2020,83.52,,-5.44,-6%,86.60,83.52,89.09,"1,656,465","142,777,406.58"
10-Sep-2020,88.96,,+1.00,1%,87.12,86.44,91.07,"2,281,829","202,787,315.03"
09-Sep-2020,87.96,,-4.68,-5%,90.32,86.40,91.28,"1,530,818","136,017,586.24"
08-Sep-2020,92.64,,-2.72,-3%,102.56,92.44,103.20,"1,916,327","185,816,222.28"
04-Sep-2020,95.36,,-8.68,-8%,101.48,93.56,111.68,"4,479,668","460,773,944.35"
03-Sep-2020,104.04,,+12.16,13%,92.76,89.54,107.32,"5,024,759","499,135,964.31"
02-Sep-2020,91.88,,+2.40,3%,89.20,88.96,92.48,"1,459,566","132,349,999.61"
01-Sep-2020,89.48,,+1.60,2%,88.04,87.38,90.04,"865,933","76,858,681.09"
31-Aug-2020,87.88,,+4.00,5%,86.08,84.24,88.76,"1,019,302","87,865,161.62"
28-Aug-2020,83.88,,-0.44,-1%,85.31,82.52,88.88,"1,285,919","110,483,805.68"
27-Aug-2020,84.32,,+2.60,3%,80.88,80.14,90.84,"1,714,058","146,118,350.62"
26-Aug-2020,81.72,,+1.84,2%,79.40,77.52,82.24,"738,829","58,507,012.12"
25-Aug-2020,79.88,,-0.56,-1%,80.80,79.48,83.00,"751,867","61,000,962.44"
24-Aug-2020,80.44,,-0.28,0%,78.52,78.32,81.24,"741,253","59,257,496.43"
21-Aug-2020,80.72,,+0.36,0%,81.76,80.34,82.08,"622,254","50,511,453.75"
20-Aug-2020,80.36,,-0.88,-1%,84.44,80.04,84.68,"811,173","66,826,122.36"
19-Aug-2020,81.24,,+1.56,2%,79.12,78.56,81.76,"868,088","69,360,364.53"
18-Aug-2020,79.68,,-0.76,-1%,79.96,79.08,81.74,"773,099","61,834,894.74"
17-Aug-2020,80.44,,-3.20,-4%,81.68,80.08,82.28,"519,276","42,116,547.38"
14-Aug-2020,83.64,,+0.08,0%,84.24,83.00,85.08,"658,108","55,329,752.97"
13-Aug-2020,83.56,,0.00,0%,84.24,81.66,84.72,"766,310","63,808,655.85"
12-Aug-2020,83.56,,-4.80,-5%,85.00,82.96,85.36,"820,804","68,830,152.48"
11-Aug-2020,88.36,,+3.96,5%,82.48,82.08,89.00,"1,031,805","87,310,294.05"
10-Aug-2020,84.40,,-2.60,-3%,85.84,84.12,87.04,"615,854","52,483,321.96"
07-Aug-2020,87.00,,-0.60,-1%,88.84,86.20,89.00,"812,896","71,284,076.26"
06-Aug-2020,87.60,,-1.00,-1%,88.96,87.36,89.60,"550,952","48,742,073.43"
05-Aug-2020,88.60,,-1.80,-2%,89.20,88.40,90.28,"720,253","64,301,172.30"
04-Aug-2020,90.40,,-2.80,-3%,93.00,90.32,93.00,"600,285","54,740,994.07"
03-Aug-2020,93.20,,-0.56,-1%,92.84,92.20,94.30,"678,488","63,273,767.79"
31-Jul-2020,93.76,,-1.96,-2%,93.32,93.12,98.16,"1,045,667","100,143,850.82"
30-Jul-2020,95.72,,+2.20,2%,98.04,95.16,102.48,"1,086,276","106,894,061.88"
29-Jul-2020,93.52,,-1.96,-2%,94.28,93.24,95.44,"591,182","55,774,824.88"
28-Jul-2020,95.48,,-0.56,-1%,96.20,92.68,97.00,"731,992","69,290,168.11"
27-Jul-2020,96.04,,-2.76,-3%,97.76,96.00,99.03,"590,034","57,370,368.80"
24-Jul-2020,98.80,,+0.40,0%,101.72,98.80,103.20,"1,191,187","120,177,764.90"
23-Jul-2020,98.40,,+2.92,3%,94.80,94.08,100.60,"1,293,105","125,912,152.07"
22-Jul-2020,95.48,,-1.04,-1%,97.24,95.48,98.68,"861,562","83,515,198.61"
21-Jul-2020,96.52,,+0.84,1%,93.40,92.36,97.88,"1,059,585","101,052,841.79"
20-Jul-2020,95.68,,-4.64,-5%,99.16,94.28,99.68,"1,260,130","121,515,395.48"
17-Jul-2020,100.32,,-3.72,-4%,103.16,100.32,104.12,"812,858","82,956,934.10"
16-Jul-2020,104.04,,-1.92,-2%,108.16,103.72,108.44,"1,064,870","112,602,248.63"
15-Jul-2020,105.96,,-2.88,-3%,105.64,105.44,110.48,"1,399,106","150,254,500.62"
14-Jul-2020,108.84,,-6.88,-6%,115.72,108.68,118.08,"2,086,658","235,396,311.29"
13-Jul-2020,115.72,,+10.08,10%,104.32,104.12,116.08,"1,460,771","159,869,503.47"
10-Jul-2020,105.64,,-2.76,-3%,109.20,105.44,111.44,"1,067,760","115,753,162.27"
09-Jul-2020,108.40,,+1.76,2%,106.96,106.04,113.20,"1,526,293","167,566,106.29"
08-Jul-2020,106.64,,-2.48,-2%,107.80,106.52,111.40,"969,708","105,579,936.48"
07-Jul-2020,109.12,,+3.12,3%,106.84,103.92,109.92,"720,651","76,659,463.74"
06-Jul-2020,106.00,,-0.08,0%,102.64,102.36,107.12,"586,303","61,419,599.76"
02-Jul-2020,106.08,,-1.84,-2%,103.48,101.80,106.84,"830,878","86,494,999.99"
01-Jul-2020,107.92,,-3.12,-3%,109.44,107.16,111.20,"771,925","84,290,575.13"
30-Jun-2020,111.04,,-6.08,-5%,118.16,110.20,118.36,"939,454","107,012,486.50"
29-Jun-2020,117.12,,-5.96,-5%,121.00,116.96,124.96,"927,883","112,070,953.33"
26-Jun-2020,123.08,,+7.24,6%,116.20,115.92,124.44,"1,335,745","162,656,057.43"
25-Jun-2020,115.84,,-4.72,-4%,122.80,115.72,125.08,"1,143,860","137,842,349.10"
24-Jun-2020,120.56,,+7.80,7%,117.12,113.88,125.84,"2,062,454","249,326,597.84"
23-Jun-2020,112.76,,-2.24,-2%,109.96,109.68,113.74,"673,443","74,915,544.09"
22-Jun-2020,115.00,,-5.96,-5%,121.92,114.68,123.44,"983,694","115,962,536.69"
19-Jun-2020,120.96,,+1.92,2%,116.20,115.32,125.04,"1,415,968","170,892,834.00"
18-Jun-2020,119.04,,-2.04,-2%,123.00,119.04,124.40,"906,995","110,254,490.62"
17-Jun-2020,121.08,,-0.24,0%,120.00,119.48,124.76,"947,838","115,367,459.28"
16-Jun-2020,121.32,,-2.52,-2%,115.68,114.80,127.96,"1,588,008","191,604,821.71"
15-Jun-2020,123.84,,-3.08,-2%,138.48,122.64,143.08,"2,537,519","332,056,001.00"
12-Jun-2020,126.92,,-9.44,-7%,126.00,122.87,147.72,"3,573,370","485,902,000.77"
11-Jun-2020,136.36,,+34.28,34%,113.36,108.76,138.80,"2,927,145","358,476,218.08"
10-Jun-2020,102.08,,-0.64,-1%,103.40,98.12,105.32,"954,311","97,231,578.89"
09-Jun-2020,102.72,,+4.92,5%,100.80,99.96,103.40,"790,112","80,290,839.74"
08-Jun-2020,97.80,,+2.12,2%,95.48,95.00,98.76,"558,227","54,036,601.37"
05-Jun-2020,95.68,,-5.44,-5%,95.04,94.56,97.04,"813,074","77,804,023.16"
04-Jun-2020,101.12,,-0.96,-1%,102.60,98.24,103.60,"676,817","68,164,425.39"
03-Jun-2020,102.08,,-4.68,-4%,104.44,101.56,105.04,"669,394","69,225,096.55"
02-Jun-2020,106.76,,-2.96,-3%,109.04,106.53,110.40,"600,299","64,964,523.66"
01-Jun-2020,109.72,,+0.52,0%,111.64,108.96,112.16,"475,008","52,349,842.28"
29-May-2020,109.20,,-3.64,-3%,113.72,109.00,115.72,"947,478","106,896,131.11"
28-May-2020,112.84,,+4.20,4%,109.88,108.72,114.12,"694,542","76,772,208.14"
27-May-2020,108.64,,-2.56,-2%,108.16,107.92,115.96,"989,032","110,090,953.08"
26-May-2020,111.20,,-1.44,-1%,107.36,107.16,111.92,"492,148","53,493,197.96"
22-May-2020,112.64,,-0.88,-1%,114.40,112.28,116.28,"590,666","67,418,569.92"
21-May-2020,113.52,,+2.44,2%,110.96,109.44,116.04,"875,616","98,959,811.52"
20-May-2020,111.08,,-7.16,-6%,112.76,110.60,115.08,"949,544","106,905,223.26"
19-May-2020,118.24,,+5.68,5%,112.96,110.52,118.32,"810,621","91,703,195.51"
18-May-2020,112.56,,-7.68,-6%,112.12,110.92,114.56,"740,690","83,505,797.61"
15-May-2020,120.24,,-3.36,-3%,129.08,120.18,131.12,"981,781","122,604,426.68"
14-May-2020,123.60,,-6.36,-5%,136.56,123.44,140.76,"1,386,666","185,307,521.35"
13-May-2020,129.96,,+12.08,10%,119.48,116.92,135.16,"1,610,422","202,462,552.17"
12-May-2020,117.88,,+10.80,10%,104.04,103.12,118.00,"761,293","83,453,720.46"
11-May-2020,107.08,,-7.88,-7%,117.88,106.68,118.12,"593,082","66,252,369.96"
08-May-2020,114.96,,-8.52,-7%,119.68,114.76,120.60,"591,573","69,426,097.37"
07-May-2020,123.48,,-5.20,-4%,124.16,122.08,125.04,"623,691","76,875,442.42"
06-May-2020,128.68,,+1.44,1%,124.84,123.84,128.88,"447,528","56,490,645.06"
05-May-2020,127.24,,-5.08,-4%,127.44,123.32,127.80,"538,291","67,874,174.67"
04-May-2020,132.32,,-2.76,-2%,139.80,132.04,141.20,"532,661","72,797,086.44"
01-May-2020,135.08,,+10.80,9%,134.84,132.40,138.12,"679,797","92,142,101.24"
30-Apr-2020,124.28,,+3.96,3%,123.04,123.00,128.76,"622,716","78,481,567.38"
29-Apr-2020,120.32,,-8.04,-6%,121.20,117.72,121.48,"559,377","66,787,856.50"
28-Apr-2020,128.36,,+2.16,2%,122.00,121.36,129.90,"494,629","62,311,357.22"
27-Apr-2020,126.20,,-10.80,-8%,132.92,124.60,132.92,"568,473","72,192,803.00"
24-Apr-2020,137.00,,-7.96,-5%,142.24,136.24,143.88,"379,584","53,233,143.17"
23-Apr-2020,144.96,,-0.08,0%,143.32,140.36,147.44,"592,878","85,189,256.00"
22-Apr-2020,145.04,,-7.36,-5%,146.76,143.68,149.64,"689,494","100,645,661.77"
21-Apr-2020,152.40,,+11.44,8%,151.40,150.24,158.16,"886,437","136,307,168.44"
20-Apr-2020,140.96,,+12.64,10%,135.16,131.80,141.20,"698,502","94,300,174.16"
17-Apr-2020,128.32,,-5.52,-4%,128.20,127.52,132.76,"606,189","78,956,748.63"
16-Apr-2020,133.84,,+0.76,1%,133.96,132.63,137.80,"1,070,411","144,472,666.51"
15-Apr-2020,133.08,,+10.20,8%,131.24,129.12,136.08,"886,921","118,022,340.00"
14-Apr-2020,122.88,,-10.72,-8%,126.04,121.52,126.80,"1,004,144","124,018,771.80"
13-Apr-2020,133.60,,-2.88,-2%,136.00,133.44,139.20,"765,241","104,425,386.98"
09-Apr-2020,136.48,,-3.00,-2%,138.44,135.80,140.76,"1,308,267","180,772,591.39"
08-Apr-2020,139.48,,-2.96,-2%,141.00,137.68,143.56,"1,133,353","158,762,068.27"
07-Apr-2020,142.44,,+4.04,3%,134.32,133.88,143.28,"1,349,808","187,610,021.55"
06-Apr-2020,138.40,,-10.60,-7%,138.56,136.28,141.40,"1,173,468","163,106,728.95"
03-Apr-2020,149.00,,-6.80,-4%,154.16,147.72,157.04,"1,351,590","206,867,135.36"
02-Apr-2020,155.80,,-8.96,-5%,162.48,155.00,165.40,"1,694,172","268,711,239.46"
01-Apr-2020,164.76,,+13.04,9%,162.32,154.60,167.16,"1,489,399","239,756,478.67"
31-Mar-2020,151.72,,-8.24,-5%,160.56,149.24,161.64,"1,651,328","253,090,929.06"
30-Mar-2020,159.96,,-5.28,-3%,165.64,159.60,170.40,"2,132,085","350,547,349.09"
27-Mar-2020,165.24,,+13.44,9%,165.08,159.00,166.76,"1,580,709","258,180,002.51"
26-Mar-2020,151.80,,-14.60,-9%,161.12,149.68,163.16,"2,122,788","331,367,881.01"
25-Mar-2020,166.40,,+12.48,8%,158.00,156.56,172.84,"2,327,684","383,039,791.75"
24-Mar-2020,153.92,,-14.80,-9%,136.36,129.68,156.60,"2,473,944","352,504,074.72"
23-Mar-2020,168.72,,-31.36,-16%,186.72,161.80,194.92,"1,529,649","271,789,583.44"
20-Mar-2020,200.08,,-3.92,-2%,194.48,172.68,207.12,"2,952,775","566,306,177.74"
19-Mar-2020,204.00,,-21.20,-9%,239.80,184.00,252.00,"2,263,811","508,119,754.57"
18-Mar-2020,225.20,,+32.48,17%,216.04,203.54,258.24,"1,904,374","438,180,621.22"
17-Mar-2020,192.72,,-4.80,-2%,189.20,178.00,205.52,"2,298,984","442,298,695.50"
16-Mar-2020,197.52,,+55.52,39%,180.00,169.12,203.60,"1,350,877","247,239,996.76"
13-Mar-2020,142.00,,-13.84,-9%,138.32,138.00,162.36,"2,301,068","344,343,995.35"
12-Mar-2020,155.84,,+30.16,24%,148.08,136.60,159.40,"2,285,261","341,599,329.59"
11-Mar-2020,125.68,,+13.80,12%,121.08,119.52,129.52,"1,586,420","196,559,618.17"
10-Mar-2020,111.88,,-12.12,-10%,108.24,107.64,122.08,"2,097,491","241,436,100.81"
09-Mar-2020,124.00,,+26.68,27%,134.00,115.68,135.16,"1,906,210","233,316,924.17"
06-Mar-2020,97.32,,+9.16,10%,104.00,96.04,107.36,"3,785,810","388,409,502.85"
05-Mar-2020,88.16,,+12.08,16%,82.72,81.00,90.96,"3,445,934","295,322,655.10"
04-Mar-2020,76.08,,-4.36,-5%,76.92,74.80,79.82,"2,226,169","171,413,455.53"
03-Mar-2020,80.44,,+8.20,11%,72.36,69.32,82.40,"4,062,169","311,703,590.73"
02-Mar-2020,72.24,,-3.12,-4%,73.44,72.06,77.56,"2,724,918","203,299,041.32"
28-Feb-2020,75.36,,+3.12,4%,80.40,74.60,82.20,"5,460,335","433,644,066.75"
27-Feb-2020,72.24,,+10.08,16%,67.76,66.08,72.28,"5,515,387","380,321,752.13"
26-Feb-2020,62.16,,-1.48,-2%,61.56,59.36,64.52,"3,108,875","192,393,471.23"
25-Feb-2020,63.64,,+5.60,10%,56.04,55.68,65.28,"3,831,849","233,359,217.88"
24-Feb-2020,58.04,,+9.00,18%,56.40,53.76,58.28,"3,236,398","181,222,191.50"
21-Feb-2020,49.04,,+3.00,7%,47.56,47.12,50.28,"1,876,328","91,822,014.84"
20-Feb-2020,46.04,,+1.44,3%,44.84,44.40,47.62,"1,671,344","77,202,255.37"
19-Feb-2020,44.60,,-0.56,-1%,44.40,44.12,44.88,"577,307","25,712,257.84"
18-Feb-2020,45.16,,+0.76,2%,45.16,44.64,46.12,"894,334","40,515,334.53"
14-Feb-2020,44.40,,-0.60,-1%,44.64,44.28,45.40,"717,858","32,156,898.31"
13-Feb-2020,45.00,,+0.76,2%,45.76,44.52,45.88,"738,306","33,250,131.44"
12-Feb-2020,44.24,,-2.24,-5%,45.44,44.04,45.80,"1,071,429","47,893,195.99"
11-Feb-2020,46.48,,+0.08,0%,45.68,45.36,46.56,"590,611","27,027,480.14"
10-Feb-2020,46.40,,-0.52,-1%,47.68,46.16,47.68,"569,630","26,629,549.33"
07-Feb-2020,46.92,,+0.60,1%,47.48,46.52,48.17,"980,177","46,367,374.97"
06-Feb-2020,46.32,,-0.44,-1%,46.28,46.04,47.27,"602,835","28,044,780.28"
05-Feb-2020,46.76,,-1.92,-4%,47.04,46.72,48.40,"1,004,927","47,538,413.65"
04-Feb-2020,48.68,,-2.80,-5%,49.00,48.00,49.32,"801,060","39,083,010.63"
03-Feb-2020,51.48,,-2.00,-4%,51.88,50.12,52.64,"1,079,523","55,487,837.92"
31-Jan-2020,53.48,,+5.44,11%,49.20,49.00,54.92,"2,722,296","142,037,878.39"
30-Jan-2020,48.04,,-0.76,-2%,50.68,47.96,51.72,"1,463,949","73,447,972.54"
29-Jan-2020,48.80,,+0.04,0%,47.88,47.40,49.52,"617,395","29,812,248.01"
28-Jan-2020,48.76,,-2.92,-6%,50.36,48.46,50.76,"1,091,440","53,871,684.03"
27-Jan-2020,51.68,,+4.84,10%,50.84,49.64,51.68,"2,799,796","141,729,627.82"
24-Jan-2020,46.84,,+2.56,6%,43.60,43.48,47.76,"1,637,692","75,512,803.83"
23-Jan-2020,44.28,,-0.12,0%,45.24,44.16,45.92,"817,505","36,895,929.70"
22-Jan-2020,44.40,,+0.28,1%,43.36,43.32,44.48,"494,242","21,721,124.15"
21-Jan-2020,44.12,,+0.28,1%,44.32,43.20,44.44,"740,095","32,441,742.37"
17-Jan-2020,43.84,,+0.12,0%,43.68,43.60,44.56,"468,495","20,594,197.49"
16-Jan-2020,43.72,,-1.04,-2%,44.12,43.60,44.20,"490,995","21,587,074.90"
15-Jan-2020,44.76,,-0.20,0%,44.88,44.37,45.04,"479,758","21,460,147.15"
14-Jan-2020,44.96,,-0.24,-1%,45.20,44.48,45.68,"631,047","28,398,306.61"
13-Jan-2020,45.20,,-1.24,-3%,45.88,45.16,46.32,"472,645","21,601,399.92"
10-Jan-2020,46.44,,-0.26,-1%,46.52,45.92,46.96,"724,614","33,526,177.58"
09-Jan-2020,46.70,,-1.74,-4%,47.12,46.64,47.68,"637,488","30,070,711.27"
08-Jan-2020,48.44,,-0.96,-2%,49.00,47.12,49.30,"1,224,219","58,900,341.71"
07-Jan-2020,49.40,,-0.20,0%,49.84,48.88,50.48,"569,115","28,445,986.04"
06-Jan-2020,49.60,,-0.60,-1%,51.76,49.60,51.88,"785,521","39,642,959.77"
03-Jan-2020,50.20,,+2.40,5%,51.60,49.16,51.72,"1,027,471","51,495,071.23"
02-Jan-2020,47.80,,,,48.40,47.68,49.44,"769,263","37,170,347.23"