date,Close,Net,chg,Open,Low,High,Volume
45014.00,11926.24,210.16,0.02,11855.59,11823.35,11941.60,915054823.00
45013.00,11716.08,-52.76,0.00,11752.76,11635.03,11752.76,773096658.00
45012.00,11768.84,-55.12,0.00,11868.54,11739.05,11903.21,844706448.00
45009.00,11823.96,36.56,0.00,11747.62,11670.67,11826.23,897321637.00
45008.00,11787.40,117.44,0.01,11811.32,11684.52,11962.69,1004037264.00
45007.00,11669.96,-190.15,-0.02,11857.50,11666.85,12013.99,963971105.00
45006.00,11860.11,184.57,0.02,11764.79,11724.91,11879.16,1044960741.00
45005.00,11675.54,45.02,0.00,11614.39,11550.69,11695.55,1082157072.00
45002.00,11630.51,-86.76,-0.01,11696.35,11562.63,11773.11,2944831821.00
45001.00,11717.28,283.23,0.02,11384.87,11365.49,11733.80,1130574664.00
45000.00,11434.05,5.90,0.00,11291.17,11238.44,11447.90,1222531861.00
44999.00,11428.15,239.31,0.02,11357.74,11284.93,11467.02,1175906782.00
44998.00,11188.84,49.95,0.00,11041.46,10982.80,11326.73,1307248927.00
44995.00,11138.89,-199.47,-0.02,11325.36,11093.86,11373.81,1230416067.00
44994.00,11338.36,-237.65,-0.02,11578.31,11319.98,11667.12,994855955.00
44993.00,11576.00,45.67,0.00,11553.09,11487.75,11601.23,923101605.00
44992.00,11530.33,-145.40,-0.01,11670.98,11512.03,11705.97,973959086.00
44991.00,11675.74,-13.27,0.00,11736.87,11667.48,11827.92,977571073.00
44988.00,11689.01,226.02,0.02,11524.65,11514.74,11699.63,965046041.00
44987.00,11462.98,83.50,0.01,11273.77,11273.61,11487.59,950089835.00
44986.00,11379.48,-76.06,-0.01,11447.58,11349.87,11479.00,964541822.00
44985.00,11455.54,-11.43,0.00,11451.05,11435.39,11548.23,1257513789.00
44984.00,11466.98,72.04,0.01,11517.19,11444.60,11565.23,874290769.00
44981.00,11394.94,-195.46,-0.02,11404.18,11334.47,11434.36,900845111.00
44980.00,11590.40,83.33,0.01,11636.93,11432.58,11638.98,903165706.00
44979.00,11507.07,14.77,0.00,11517.20,11445.17,11582.52,942980445.00
44978.00,11492.30,-294.97,-0.03,11640.37,11491.18,11684.14,1024459287.00
44974.00,11787.27,-68.56,-0.01,11777.51,11673.21,11803.22,966304396.00
44973.00,11855.83,-214.76,-0.02,11896.31,11853.36,12040.34,986412623.00
44972.00,12070.59,110.45,0.01,11905.12,11876.82,12071.29,951903290.00
44971.00,11960.15,68.36,0.01,11808.20,11760.57,11999.85,929006113.00
44970.00,11891.79,173.67,0.01,11759.09,11719.73,11910.92,937010923.00
44967.00,11718.12,-71.46,-0.01,11714.60,11630.54,11775.80,934045726.00
44966.00,11789.58,-120.94,-0.01,12069.10,11745.11,12070.96,1029803728.00
44965.00,11910.52,-203.27,-0.02,12069.12,11890.09,12096.39,953412365.00
44964.00,12113.79,226.34,0.02,11891.25,11836.78,12150.22,1073750051.00
44963.00,11887.45,-119.50,-0.01,11904.41,11843.49,11973.41,1007617794.00
44960.00,12006.96,-193.86,-0.02,11946.86,11946.86,12231.31,1108032573.00
44959.00,12200.82,384.50,0.03,12065.15,12024.14,12269.56,1329415733.00
44958.00,11816.32,231.77,0.02,11573.14,11500.33,11904.02,1211159880.00
44957.00,11584.55,190.74,0.02,11398.58,11398.37,11586.01,1149254655.00
44956.00,11393.81,-227.90,-0.02,11512.34,11388.54,11553.31,954431016.00
44953.00,11621.71,109.30,0.01,11470.47,11470.27,11691.89,1049973118.00
44952.00,11512.41,199.06,0.02,11458.41,11341.19,11516.05,992595692.00
44951.00,11313.36,-20.92,0.00,11146.53,11069.18,11334.22,924716900.00
44950.00,11334.27,-30.14,0.00,11302.93,11282.65,11378.15,914952610.00
44949.00,11364.41,223.98,0.02,11171.94,11144.03,11405.50,1048562043.00
44946.00,11140.43,288.16,0.03,10924.66,10885.65,11143.17,1162609253.00
44945.00,10852.27,-104.74,-0.01,10890.40,10804.57,10932.52,905210389.00
44944.00,10957.01,-138.10,-0.01,11170.95,10952.05,11223.41,986971846.00
44943.00,11095.11,15.96,0.00,11070.00,11024.72,11145.44,990062310.00
44939.00,11079.16,78.05,0.01,10906.37,10900.16,11084.01,919658445.00
44938.00,11001.11,69.43,0.01,10969.26,10797.12,11027.75,1025942344.00
44937.00,10931.67,189.04,0.02,10794.99,10762.73,10932.44,1011418996.00
44936.00,10742.63,106.98,0.01,10607.72,10589.60,10743.67,888697431.00
44935.00,10635.65,66.35,0.01,10662.11,10619.12,10807.26,1036258757.00
44932.00,10569.29,264.05,0.03,10363.96,10265.04,10604.14,970665645.00
44931.00,10305.24,-153.52,-0.01,10390.31,10295.25,10393.22,957484193.00
44930.00,10458.76,71.78,0.01,10467.82,10337.64,10515.22,1035220303.00
44929.00,10386.99,-79.50,-0.01,10562.06,10309.16,10613.06,983361437.00
44925.00,10466.48,-11.60,0.00,10368.37,10324.70,10468.31,850563443.00
44924.00,10478.09,264.80,0.03,10321.46,10301.06,10502.08,894544000.00
44923.00,10213.29,-139.94,-0.01,10339.20,10207.47,10414.82,751523994.00
44922.00,10353.23,-144.64,-0.01,10462.19,10340.73,10472.32,753048923.00
44918.00,10497.86,21.74,0.00,10437.75,10361.82,10514.76,678026176.00
44917.00,10476.12,-233.25,-0.02,10586.46,10313.32,10599.34,974196289.00
44916.00,10709.37,162.26,0.02,10592.00,10569.20,10753.57,937395051.00
44915.00,10547.11,1.08,0.00,10490.89,10446.82,10609.47,972311408.00
44914.00,10546.03,-159.38,-0.01,10707.44,10497.55,10713.97,1042982386.00
44911.00,10705.41,-105.11,-0.01,10767.64,10642.10,10833.24,3280676899.00
44910.00,10810.53,-360.36,-0.03,11012.62,10775.61,11029.57,1162921863.00
44909.00,11170.89,-85.93,-0.01,11248.09,11065.24,11352.09,1124624118.00
44908.00,11256.81,113.08,0.01,11542.84,11160.54,11571.64,1237792243.00
44907.00,11143.74,139.12,0.01,11015.48,10984.82,11144.67,955139394.00
44904.00,11004.62,-77.39,-0.01,11038.17,10999.26,11138.70,867237890.00
44903.00,11082.00,123.45,0.01,11011.33,10939.47,11119.16,832948408.00
44902.00,10958.55,-56.34,-0.01,10963.95,10910.62,11039.81,828484013.00
44901.00,11014.89,-225.05,-0.02,11228.42,10956.20,11241.42,888700042.00
44900.00,11239.94,-221.56,-0.02,11380.99,11193.03,11425.51,885176791.00
44897.00,11461.50,-20.95,0.00,11308.38,11296.72,11492.32,859606086.00
44896.00,11482.45,14.45,0.00,11475.17,11378.75,11546.77,912528430.00
44895.00,11468.00,484.22,0.04,10995.20,10966.53,11468.47,1620681849.00
44894.00,10983.78,-65.72,-0.01,11060.02,10944.37,11086.02,783464089.00
44893.00,11049.50,-176.86,-0.02,11147.57,11020.69,11217.75,811959308.00
44890.00,11226.36,-58.96,-0.01,11231.00,11206.38,11261.57,377169139.00
44888.00,11285.32,110.91,0.01,11174.61,11174.61,11310.82,695123806.00
44887.00,11174.41,149.90,0.01,11058.56,10975.66,11179.87,758796676.00
44886.00,11024.51,-121.55,-0.01,11091.01,10999.75,11128.78,765202772.00
44883.00,11146.06,1.10,0.00,11257.01,11059.16,11259.44,846399062.00
44882.00,11144.96,-38.70,0.00,11008.67,11006.21,11198.84,837387511.00
44881.00,11183.66,-174.75,-0.02,11260.10,11162.92,11286.10,887823638.00
44880.00,11358.41,162.19,0.01,11474.82,11241.15,11492.62,1038261741.00
44879.00,11196.22,-127.11,-0.01,11233.90,11167.17,11350.13,983394971.00
44876.00,11323.33,209.18,0.02,11124.75,11069.83,11352.43,1213620152.00
44875.00,11114.15,760.97,0.07,10869.17,10779.95,11119.12,1395651536.00
44874.00,10353.18,-263.03,-0.02,10528.45,10344.01,10564.97,1037343845.00
44873.00,10616.20,51.68,0.00,10611.53,10472.73,10745.64,994349211.00
44872.00,10564.52,89.27,0.01,10516.94,10428.91,10587.96,930246687.00
44869.00,10475.25,132.31,0.01,10548.14,10262.93,10553.63,1089930992.00
44868.00,10342.94,-181.86,-0.02,10399.45,10319.54,10486.01,1006408472.00
44867.00,10524.80,-366.05,-0.03,10885.01,10522.90,10993.24,1102008578.00
44866.00,10890.85,-97.30,-0.01,11154.74,10881.19,11156.35,903258679.00
44865.00,10988.15,-114.31,-0.01,11028.43,10914.01,11047.94,1084689036.00
44862.00,11102.45,309.78,0.03,10766.20,10766.20,11117.04,977640482.00
44861.00,10792.68,-178.32,-0.02,10971.95,10780.50,10998.73,973522781.00
44860.00,10970.99,-228.12,-0.02,10969.02,10948.38,11205.84,1004209525.00
44859.00,11199.12,246.50,0.02,10996.97,10996.97,11210.38,991080206.00
44858.00,10952.61,92.90,0.01,10867.07,10713.33,10983.52,921198424.00
44855.00,10859.72,244.87,0.02,10576.04,10542.43,10875.72,1023237553.00
44854.00,10614.84,-65.66,-0.01,10657.41,10574.55,10837.30,866247731.00
44853.00,10680.51,-91.89,-0.01,10689.31,10592.88,10808.04,921125564.00
44852.00,10772.40,96.60,0.01,10963.99,10670.12,10972.97,929623967.00
44851.00,10675.80,354.41,0.03,10575.65,10569.69,10696.59,944313917.00
44848.00,10321.39,-327.76,-0.03,10742.81,10308.81,10766.69,918041082.00
44847.00,10649.15,232.05,0.02,10131.82,10088.83,10697.71,1049737203.00
44846.00,10417.10,-9.09,0.00,10437.00,10372.21,10494.53,823607662.00
44845.00,10426.19,-115.91,-0.01,10484.37,10351.98,10608.84,990742127.00
44844.00,10542.10,-110.30,-0.01,10659.95,10449.04,10669.93,812520676.00
44841.00,10652.41,-420.91,-0.04,10877.28,10608.52,10891.93,1026201830.00
44840.00,11073.31,-75.33,-0.01,11129.04,11051.27,11230.44,873351409.00
44839.00,11148.64,-27.77,0.00,11022.67,10910.76,11210.32,830230852.00
44838.00,11176.41,360.97,0.03,11054.72,11044.04,11189.96,1024812213.00
44837.00,10815.44,239.82,0.02,10659.01,10577.89,10875.46,943342633.00
44834.00,10575.62,-161.89,-0.02,10697.71,10572.33,10883.04,1095036439.00
44833.00,10737.51,-314.13,-0.03,10894.44,10623.23,10899.47,971921824.00
44832.00,11051.64,222.13,0.02,10817.53,10776.34,11101.50,953337272.00
44831.00,10829.50,26.58,0.00,10955.29,10741.02,11040.99,903368502.00
44830.00,10802.92,-65.00,-0.01,10833.38,10789.05,11024.00,949634881.00
44827.00,10867.93,-198.88,-0.02,10952.69,10732.72,10958.30,1004663599.00
44826.00,11066.81,-153.39,-0.01,11167.38,11024.64,11203.77,934353909.00
44825.00,11220.19,-204.86,-0.02,11466.21,11219.00,11613.57,909346663.00
44824.00,11425.05,-109.97,-0.01,11440.14,11343.72,11520.99,861659610.00
44823.00,11535.02,86.62,0.01,11338.57,11337.83,11538.13,932680853.00
44820.00,11448.40,-103.95,-0.01,11401.21,11316.92,11460.43,3047170630.00
44819.00,11552.36,-167.32,-0.01,11633.24,11497.11,11760.73,1027571576.00
44818.00,11719.68,86.10,0.01,11680.41,11602.76,11746.83,1046348416.00
44817.00,11633.57,-632.84,-0.05,11908.81,11604.43,11957.97,1102967752.00
44816.00,12266.41,154.10,0.01,12174.94,12169.28,12270.19,845283821.00
44813.00,12112.31,250.18,0.02,11958.61,11958.61,12132.67,881469923.00
44812.00,11862.13,70.23,0.01,11679.86,11660.53,11896.73,875825080.00
44811.00,11791.90,246.99,0.02,11559.38,11555.09,11819.07,897118152.00
44810.00,11544.91,-85.95,-0.01,11643.03,11471.50,11679.43,945531374.00
44806.00,11630.86,-154.26,-0.01,11899.14,11573.51,11945.91,868071761.00
44805.00,11785.13,-31.08,0.00,11707.44,11546.52,11798.37,974172927.00
44804.00,11816.20,-66.93,-0.01,11972.56,11814.17,12027.43,1163893972.00
44803.00,11883.14,-134.53,-0.01,12093.06,11790.03,12101.85,896270290.00
44802.00,12017.67,-124.04,-0.01,12021.05,11981.42,12124.87,798387363.00
44799.00,12141.71,-497.56,-0.04,12630.58,12141.52,12655.84,960487589.00
44798.00,12639.27,207.74,0.02,12506.37,12471.98,12641.27,797228452.00
44797.00,12431.53,50.23,0.00,12375.15,12350.16,12504.33,770645337.00
44796.00,12381.30,-0.27,0.00,12380.37,12352.03,12490.86,763643302.00
44795.00,12381.57,-323.64,-0.03,12523.16,12353.73,12538.55,857722775.00
44792.00,12705.22,-260.13,-0.02,12832.27,12674.87,12859.01,998672841.00
44791.00,12965.34,27.22,0.00,12937.79,12873.49,13002.66,865169379.00
44790.00,12938.12,-164.43,-0.01,12968.63,12863.01,13053.51,977808612.00
44789.00,13102.55,-25.50,0.00,13082.64,12979.24,13181.09,952790649.00
44788.00,13128.05,80.87,0.01,12996.63,12993.78,13146.06,862204582.00
44785.00,13047.19,267.27,0.02,12866.31,12821.22,13047.19,936386685.00
44784.00,12779.91,-74.89,-0.01,12944.82,12760.09,13026.24,1082370194.00
44783.00,12854.81,360.88,0.03,12793.44,12698.61,12861.44,1054252434.00
44782.00,12493.93,-150.53,-0.01,12557.49,12438.86,12582.91,1023265576.00
44781.00,12644.46,-13.10,0.00,12703.72,12597.75,12855.16,1003332816.00
44778.00,12657.56,-63.02,0.00,12538.81,12525.77,12720.44,991771068.00
44777.00,12720.58,52.42,0.00,12675.05,12600.78,12736.19,1053359711.00
44776.00,12668.16,319.40,0.03,12433.87,12425.21,12699.64,1104854608.00
44775.00,12348.76,-20.22,0.00,12287.67,12260.48,12503.34,902815850.00
44774.00,12368.98,-21.71,0.00,12317.96,12271.98,12499.72,891534909.00
44771.00,12390.69,228.09,0.02,12239.69,12181.13,12426.26,1095226626.00
44770.00,12162.59,130.17,0.01,12036.48,11886.67,12179.09,958799858.00
44769.00,12032.42,469.85,0.04,11756.19,11718.38,12081.73,939314234.00
44768.00,11562.58,-220.09,-0.02,11701.53,11533.37,11711.31,834485572.00
44767.00,11782.67,-51.45,0.00,11837.96,11707.53,11855.11,783123627.00
44764.00,11834.11,-225.50,-0.02,12025.37,11767.19,12093.02,884724597.00
44763.00,12059.61,161.96,0.01,11914.15,11812.72,12060.59,840807046.00
44762.00,11897.65,184.50,0.02,11726.09,11703.36,11939.96,1006002995.00
44761.00,11713.15,353.10,0.03,11515.00,11448.97,11721.22,974153660.00
44760.00,11360.05,-92.37,-0.01,11561.64,11322.84,11629.03,922796079.00
44757.00,11452.42,201.24,0.02,11379.36,11295.33,11454.69,947433928.00
44756.00,11251.19,3.60,0.00,11151.21,11005.93,11279.97,817492856.00
44755.00,11247.58,-17.15,0.00,11056.55,11031.27,11325.67,812597972.00
44754.00,11264.73,-107.87,-0.01,11420.89,11207.08,11483.17,836734852.00
44753.00,11372.60,-262.71,-0.02,11524.49,11348.06,11541.10,844126205.00
44750.00,11635.31,13.96,0.00,11503.61,11479.77,11689.70,820692466.00
44749.00,11621.35,259.49,0.02,11422.60,11412.88,11644.47,916260304.00
44748.00,11361.85,39.61,0.00,11337.90,11250.32,11443.15,933387440.00
44747.00,11322.24,194.39,0.02,10964.18,10911.45,11323.90,1065364101.00
44743.00,11127.85,99.11,0.01,11006.83,10922.71,11132.55,930706044.00
44742.00,11028.74,-149.16,-0.01,11048.25,10850.01,11160.92,1161949240.00
44741.00,11177.89,-3.65,0.00,11160.22,11072.19,11226.33,1017470046.00
44740.00,11181.54,-343.01,-0.03,11542.24,11177.68,11635.86,1020145322.00
44739.00,11524.55,-83.07,-0.01,11661.02,11487.07,11677.49,991608205.00
44736.00,11607.62,375.43,0.03,11351.31,11337.78,11613.23,4306716703.00
44735.00,11232.19,179.11,0.02,11137.68,11046.29,11260.27,1034073956.00
44734.00,11053.08,-16.22,0.00,10941.95,10938.06,11216.77,1109033274.00
44733.00,11069.30,270.95,0.03,10974.05,10974.05,11164.99,1186546972.00
44729.00,10798.35,152.25,0.01,10697.55,10638.72,10884.71,2796466869.00
44728.00,10646.10,-453.06,-0.04,10806.02,10565.14,10831.07,1253714301.00
44727.00,11099.16,270.81,0.03,10968.40,10866.39,11244.26,1217383070.00
44726.00,10828.35,19.12,0.00,10897.43,10733.04,10926.81,953679051.00
44725.00,10809.23,-530.80,-0.05,10986.85,10775.14,11071.48,1213468347.00
44722.00,11340.02,-414.20,-0.04,11543.88,11328.27,11569.15,1060700511.00
44721.00,11754.23,-332.05,-0.03,12016.47,11751.98,12115.07,998870254.00
44720.00,12086.27,-88.96,-0.01,12147.28,12052.70,12235.78,911769792.00
44719.00,12175.23,113.86,0.01,11925.81,11888.62,12194.86,900552626.00
44718.00,12061.37,48.64,0.00,12200.33,12004.20,12245.40,911007316.00
44715.00,12012.73,-304.16,-0.02,12097.12,11966.62,12167.44,837590370.00
44714.00,12316.90,322.44,0.03,11945.57,11901.45,12320.12,916659531.00
44713.00,11994.46,-86.93,-0.01,12176.89,11901.44,12237.94,940601383.00
44712.00,12081.39,-49.74,0.00,12137.54,11942.50,12190.08,1765423262.00
44708.00,12131.13,390.48,0.03,11869.69,11856.82,12131.66,942221937.00
44707.00,11740.65,305.91,0.03,11409.84,11406.16,11796.97,930420978.00
44706.00,11434.74,170.29,0.02,11225.03,11211.85,11511.90,907177109.00
44705.00,11264.45,-270.83,-0.02,11326.44,11092.48,11351.61,924231137.00
44704.00,11535.28,180.66,0.02,11396.28,11304.56,11552.07,889208202.00
44701.00,11354.62,-33.88,0.00,11542.67,11035.69,11552.21,1195758959.00
44700.00,11388.50,-29.66,0.00,11364.40,11313.31,11562.82,1052688246.00
44699.00,11418.15,-566.37,-0.05,11790.68,11381.69,11826.22,1025179024.00
44698.00,11984.52,321.73,0.03,11905.57,11754.28,11988.43,1024744283.00
44697.00,11662.79,-142.21,-0.01,11727.14,11627.53,11804.59,978058295.00
44694.00,11805.00,434.04,0.04,11555.98,11510.26,11856.71,1226741671.00
44693.00,11370.96,6.73,0.00,11199.25,11108.76,11547.33,1400407583.00
44692.00,11364.24,-373.43,-0.03,11645.57,11339.18,11844.51,1265015452.00
44691.00,11737.67,114.42,0.01,11900.34,11566.28,11944.94,1281484657.00
44690.00,11623.25,-521.41,-0.04,11923.03,11574.94,11990.61,1242190280.00
44687.00,12144.66,-173.03,-0.01,12246.83,11990.15,12358.42,1089947056.00
44686.00,12317.69,-647.16,-0.05,12787.52,12183.56,12787.52,1103290455.00
44685.00,12964.86,401.10,0.03,12574.73,12367.02,12985.01,1105345838.00
44684.00,12563.76,27.74,0.00,12511.46,12460.99,12645.83,897834966.00
44683.00,12536.02,201.38,0.02,12331.69,12202.41,12542.54,1036024646.00
44680.00,12334.64,-536.89,-0.04,12710.42,12315.74,12861.83,1087910151.00
44679.00,12871.53,382.59,0.03,12712.86,12487.86,12948.52,1009562655.00
44678.00,12488.93,-1.81,0.00,12500.88,12430.90,12703.79,942839484.00
44677.00,12490.74,-514.11,-0.04,12918.04,12490.74,12918.04,1015787157.00
44676.00,13004.85,165.56,0.01,12749.17,12722.59,13011.45,988040144.00
44673.00,12839.29,-335.36,-0.03,13168.80,12828.02,13212.61,950695806.00
44672.00,13174.65,-278.41,-0.02,13623.70,13140.83,13710.70,993826060.00
44671.00,13453.07,-166.59,-0.01,13665.38,13426.13,13678.55,871260912.00
44670.00,13619.66,287.30,0.02,13312.44,13281.22,13643.97,855290520.00
44669.00,13332.36,-18.72,0.00,13319.39,13222.03,13414.27,832412162.00
44665.00,13351.08,-292.51,-0.02,13647.43,13345.22,13662.93,927380864.00
44664.00,13643.59,272.01,0.02,13373.12,13353.66,13679.43,910789686.00
44663.00,13371.57,-40.38,0.00,13584.69,13317.74,13685.95,902418518.00
44662.00,13411.96,-299.04,-0.02,13547.29,13401.39,13585.08,991302917.00
44659.00,13711.00,-186.30,-0.01,13830.47,13693.69,13866.06,858448552.00
44658.00,13897.30,8.48,0.00,13861.49,13689.23,13978.25,931347158.00
44657.00,13888.82,-315.35,-0.02,14002.58,13788.90,14032.84,1087655882.00
44656.00,14204.17,-328.39,-0.02,14490.26,14169.12,14500.29,930396314.00
44655.00,14532.55,271.05,0.02,14304.35,14286.45,14534.38,915410987.00
44652.00,14261.50,40.98,0.00,14269.53,14131.81,14306.94,1019884806.00
44651.00,14220.52,-221.76,-0.02,14444.78,14217.73,14456.74,1104197436.00
44650.00,14442.28,-177.36,-0.01,14558.59,14383.45,14609.25,1010890007.00
44649.00,14619.64,264.73,0.02,14500.39,14419.40,14646.90,1089230007.00
44648.00,14354.90,185.60,0.01,14177.21,14101.34,14356.00,892942223.00
44645.00,14169.30,-22.54,0.00,14194.72,14010.79,14218.76,941778442.00
44644.00,14191.84,269.24,0.02,14001.32,13897.20,14193.55,916741079.00
44643.00,13922.60,-186.21,-0.01,13990.35,13921.65,14152.14,961729630.00
44642.00,14108.82,270.36,0.02,13866.43,13857.29,14141.07,1097310417.00
44641.00,13838.46,-55.38,0.00,13860.39,13682.55,13945.81,1137954425.00
44638.00,13893.84,279.06,0.02,13564.63,13528.06,13899.28,2845771367.00
44637.00,13614.78,178.23,0.01,13360.72,13317.14,13620.80,1141350736.00
44636.00,13436.55,487.93,0.04,13119.37,12992.20,13440.12,1414406199.00
44635.00,12948.62,367.40,0.03,12685.23,12616.59,12973.88,1127226273.00
44634.00,12581.22,-262.59,-0.02,12795.12,12555.35,12918.01,1205746919.00
44631.00,12843.81,-286.15,-0.02,13229.77,12830.37,13239.35,1020798518.00
44630.00,13129.96,-125.58,-0.01,13098.35,12946.28,13163.50,961585214.00
44629.00,13255.55,460.00,0.04,13113.70,13039.79,13301.16,1118750657.00
44628.00,12795.55,-35.41,0.00,12800.04,12670.08,13159.44,1337141359.00
44627.00,12830.96,-482.48,-0.04,13328.36,12828.02,13353.28,1291668126.00
44624.00,13313.44,-224.50,-0.02,13455.23,13224.98,13486.71,1044095602.00
44623.00,13537.94,-214.07,-0.02,13837.59,13472.64,13837.59,1032190780.00
44622.00,13752.02,219.56,0.02,13597.53,13493.91,13796.55,1032993959.00
44621.00,13532.46,-218.94,-0.02,13716.70,13441.32,13777.04,1237790395.00
44620.00,13751.40,56.77,0.00,13570.83,13549.90,13810.64,1389382043.00
44617.00,13694.62,221.04,0.02,13485.26,13358.29,13696.86,978446355.00
44616.00,13473.59,436.10,0.03,12587.88,12587.88,13486.11,1379518544.00
44615.00,13037.49,-344.03,-0.03,13511.75,13032.17,13533.78,944399295.00
44614.00,13381.52,-166.55,-0.01,13424.36,13249.65,13618.72,1015769128.00
44610.00,13548.07,-168.65,-0.01,13735.40,13465.56,13762.40,1016699849.00
44609.00,13716.72,-407.38,-0.03,14004.19,13704.70,14020.82,922818268.00
44608.00,14124.10,-15.66,0.00,14038.92,13931.99,14163.73,838988496.00
44607.00,14139.76,348.84,0.03,13997.18,13976.29,14142.49,903092462.00
44606.00,13790.92,-0.24,0.00,13768.97,13664.76,13921.71,936804784.00
44603.00,13791.15,-394.49,-0.03,14213.62,13733.16,14246.70,1076255641.00
44602.00,14185.64,-304.73,-0.02,14228.68,14118.20,14509.56,1062064989.00
44601.00,14490.37,295.92,0.02,14368.16,14330.87,14490.72,935010071.00
44600.00,14194.46,178.79,0.01,13984.43,13934.78,14226.48,865495489.00
44599.00,14015.67,-82.34,-0.01,14118.79,13974.10,14236.31,858015597.00
44596.00,14098.01,219.19,0.02,13958.48,13850.39,14222.76,862969729.00
44595.00,13878.82,-538.73,-0.04,14045.83,13851.75,14207.89,945508395.00
44594.00,14417.55,71.54,0.00,14494.47,14264.65,14504.82,1000144411.00
44593.00,14346.00,106.12,0.01,14277.43,14070.77,14358.69,961997361.00
44592.00,14239.88,469.31,0.03,13812.19,13767.71,14242.90,1237942289.00
44589.00,13770.57,417.79,0.03,13436.71,13236.56,13771.91,1060758468.00
44588.00,13352.78,-189.34,-0.01,13710.99,13322.66,13765.91,1065570408.00
44587.00,13542.12,2.82,0.00,13871.77,13392.19,14002.65,1182260413.00
44586.00,13539.30,-315.83,-0.02,13610.87,13414.14,13781.62,1040733562.00
44585.00,13855.13,86.21,0.01,13481.50,13094.65,13876.61,1545681131.00
44582.00,13768.92,-385.10,-0.03,14046.22,13764.24,14171.72,1323729975.00
44581.00,14154.02,-186.23,-0.01,14462.85,14140.78,14642.03,1018126917.00
44580.00,14340.26,-166.64,-0.01,14582.22,14331.65,14658.89,935063398.00
44579.00,14506.90,-386.86,-0.03,14681.83,14482.94,14740.54,1063940929.00
44575.00,14893.75,86.94,0.01,14708.02,14689.43,14897.68,872562967.00
44574.00,14806.81,-381.58,-0.03,15245.04,14782.24,15259.71,852152306.00
44573.00,15188.39,34.94,0.00,15263.10,15117.29,15319.03,840024312.00
44572.00,15153.45,210.62,0.01,14919.26,14837.64,15158.71,863020644.00
44571.00,14942.83,6.93,0.00,14751.78,14530.23,14953.86,1090713513.00
44568.00,14935.90,-144.96,-0.01,15095.72,14877.63,15171.02,852529263.00
44567.00,15080.87,-19.31,0.00,15024.15,14914.87,15198.45,951121676.00
44566.00,15100.17,-522.54,-0.03,15547.16,15095.18,15586.30,1014064904.00
44565.00,15622.72,-210.08,-0.01,15852.14,15512.41,15852.14,970695344.00
44564.00,15832.80,187.83,0.01,15732.50,15644.09,15832.80,871645822.00
44561.00,15644.97,-96.59,-0.01,15722.91,15643.94,15777.43,729413739.00
44560.00,15741.56,-24.65,0.00,15758.98,15729.16,15868.09,768182451.00
44559.00,15766.22,-15.51,0.00,15794.92,15679.85,15821.81,699592670.00
44558.00,15781.72,-89.54,-0.01,15895.20,15757.07,15901.47,691465674.00
44557.00,15871.26,217.89,0.01,15696.83,15696.83,15871.40,741101722.00
44553.00,15653.37,131.48,0.01,15544.79,15528.91,15697.98,746131937.00
44552.00,15521.89,180.81,0.01,15319.16,15303.06,15525.97,783465428.00
44551.00,15341.09,360.14,0.02,15140.43,15015.03,15349.06,976825518.00
44550.00,14980.94,-188.74,-0.01,14933.00,14860.04,15007.30,1021188330.00
44547.00,15169.68,-10.75,0.00,15036.77,14960.37,15288.78,3006524889.00
44546.00,15180.44,-385.15,-0.02,15629.08,15119.49,15633.19,1103186529.00
44545.00,15565.58,327.94,0.02,15230.71,15055.23,15575.76,1174300261.00
44544.00,15237.64,-175.64,-0.01,15215.96,15097.35,15317.55,1029701430.00
44543.00,15413.28,-217.32,-0.01,15621.27,15408.25,15637.06,996247750.00
44540.00,15630.60,113.23,0.01,15629.59,15477.85,15677.60,875078676.00
44539.00,15517.37,-269.62,-0.02,15720.54,15511.12,15796.05,869498403.00
44538.00,15786.99,100.07,0.01,15690.65,15618.88,15792.64,921934057.00
44537.00,15686.92,461.76,0.03,15510.91,15507.66,15720.09,1056880309.00
44536.00,15225.15,139.68,0.01,15117.63,14931.61,15281.99,1074398594.00
44533.00,15085.47,-295.85,-0.02,15428.71,14931.06,15470.36,1202856196.00
44532.00,15381.32,127.27,0.01,15181.82,15150.12,15444.54,1104337415.00
44531.00,15254.05,-283.64,-0.02,15752.27,15243.93,15816.82,1221670926.00
44530.00,15537.69,-245.14,-0.02,15716.50,15451.39,15828.20,1775152934.00
44529.00,15782.83,291.18,0.02,15719.42,15644.62,15833.11,1011738984.00
44526.00,15491.66,-353.57,-0.02,15664.38,15456.09,15731.54,781488571.00
44524.00,15845.23,70.09,0.00,15677.88,15591.36,15848.56,842327136.00
44523.00,15775.14,-79.62,-0.01,15809.50,15601.46,15895.86,1067209308.00
44522.00,15854.76,-202.68,-0.01,16120.92,15851.04,16212.23,1126325876.00
44519.00,16057.44,63.73,0.00,16042.16,16017.23,16121.12,1020182577.00
44518.00,15993.71,72.14,0.00,15973.40,15848.83,16010.88,1080192136.00
44517.00,15921.57,-52.28,0.00,15973.62,15909.39,15998.57,966811884.00
44516.00,15973.86,120.01,0.01,15840.32,15825.00,15989.61,1014052166.00
44515.00,15853.85,-7.11,0.00,15894.82,15778.31,15918.45,952144705.00
44512.00,15860.96,156.68,0.01,15752.62,15705.38,15874.58,988929577.00
44511.00,15704.28,81.58,0.01,15752.08,15695.77,15768.03,867114213.00
44510.00,15622.71,-263.84,-0.02,15753.84,15543.68,15867.24,989632209.00
44509.00,15886.54,-95.81,-0.01,16024.13,15836.68,16035.21,1028740820.00
44508.00,15982.36,10.77,0.00,15995.72,15961.81,16038.23,1057188261.00
44505.00,15971.59,31.28,0.00,16003.56,15900.78,16053.39,1060776300.00
44504.00,15940.31,128.72,0.01,15849.74,15827.66,15966.09,1017377940.00
44503.00,15811.58,161.98,0.01,15658.52,15616.44,15821.58,1002861726.00
44502.00,15649.60,53.69,0.00,15583.99,15569.27,15656.60,997883896.00
44501.00,15595.92,97.53,0.01,15541.26,15470.82,15598.95,1002277018.00
44498.00,15498.39,50.27,0.00,15323.29,15323.29,15504.12,1058486997.00
44497.00,15448.12,212.28,0.01,15304.74,15290.31,15452.30,1061639717.00
44496.00,15235.84,0.12,0.00,15276.00,15235.84,15364.54,1091994952.00
44495.00,15235.72,9.01,0.00,15317.50,15198.23,15384.00,1220780849.00
44494.00,15226.71,136.51,0.01,15142.92,15070.75,15259.63,1091604900.00
44491.00,15090.20,-125.50,-0.01,15158.07,15021.02,15193.01,1104237237.00
44490.00,15215.70,94.02,0.01,15104.80,15094.14,15222.26,891241255.00
44489.00,15121.68,-7.41,0.00,15160.00,15071.15,15178.39,743426708.00
44488.00,15129.09,107.28,0.01,15073.13,15049.73,15137.85,788582194.00
44487.00,15021.81,124.47,0.01,14839.74,14833.28,15026.68,798365016.00
44484.00,14897.34,73.91,0.00,14891.24,14847.97,14904.98,924170291.00
44483.00,14823.43,251.79,0.02,14717.50,14699.53,14827.56,815456565.00
44482.00,14571.64,105.71,0.01,14537.17,14471.88,14589.28,760210664.00
44481.00,14465.93,-20.28,0.00,14539.09,14441.60,14552.71,768398416.00
44480.00,14486.20,-93.34,-0.01,14540.08,14482.62,14665.99,664488811.00
44477.00,14579.54,-74.48,-0.01,14694.72,14569.68,14699.91,670937356.00
44476.00,14654.02,152.11,0.01,14631.80,14615.14,14755.72,798155702.00
44475.00,14501.91,68.08,0.00,14289.45,14259.07,14509.55,817526821.00
44474.00,14433.83,178.34,0.01,14312.86,14299.78,14508.65,805231796.00
44473.00,14255.49,-311.21,-0.02,14493.12,14181.69,14499.74,920426011.00
44470.00,14566.70,118.12,0.01,14494.93,14324.01,14606.82,913084037.00
44469.00,14448.58,-63.86,0.00,14582.60,14444.30,14632.36,1136438956.00
44468.00,14512.44,-34.24,0.00,14614.88,14493.67,14676.62,980968651.00
44467.00,14546.68,-423.29,-0.03,14787.21,14539.88,14817.74,996260282.00
44466.00,14969.97,-77.73,-0.01,14954.18,14864.96,15003.16,894614814.00
44463.00,15047.70,-4.55,0.00,14961.62,14946.57,15067.56,773435544.00
44462.00,15052.24,155.40,0.01,14960.00,14932.51,15085.44,788228050.00
44461.00,14896.85,150.45,0.01,14800.59,14767.02,14950.12,831124951.00
44460.00,14746.40,32.49,0.00,14803.36,14696.47,14847.03,873640743.00
44459.00,14713.90,-330.07,-0.02,14758.14,14530.07,14841.82,1096026359.00
44456.00,15043.97,-137.96,-0.01,15163.36,14998.73,15166.56,2749747100.00
44455.00,15181.92,20.40,0.00,15120.09,15047.14,15205.50,833065671.00
44454.00,15161.53,123.77,0.01,15071.34,14984.68,15174.38,987746795.00
44453.00,15037.76,-67.82,0.00,15168.45,15008.30,15181.19,884509626.00
44452.00,15105.58,-9.91,0.00,15211.43,15030.85,15215.44,943774056.00
44449.00,15115.49,-132.76,-0.01,15332.92,15111.31,15349.47,889076466.00
44448.00,15248.25,-38.38,0.00,15296.06,15245.18,15352.38,793921874.00
44447.00,15286.64,-87.69,-0.01,15360.35,15206.61,15360.35,799129767.00
44446.00,15374.33,10.81,0.00,15375.98,15343.28,15403.44,813759517.00
44442.00,15363.52,32.34,0.00,15313.42,15283.67,15375.56,713302653.00
44441.00,15331.18,21.80,0.00,15358.47,15285.35,15380.07,771822433.00
44440.00,15309.38,50.15,0.00,15308.98,15302.11,15379.50,836301894.00
44439.00,15259.24,-6.65,0.00,15262.88,15202.67,15278.96,981940840.00
44438.00,15265.89,136.39,0.01,15165.94,15165.12,15288.08,807575054.00
44435.00,15129.50,183.69,0.01,14969.77,14966.52,15144.48,857196944.00
44434.00,14945.81,-96.05,-0.01,15025.17,14939.56,15059.63,698672701.00
44433.00,15041.86,22.06,0.00,15039.03,15011.58,15059.43,760113941.00
44432.00,15019.80,77.15,0.01,14978.14,14965.54,15034.89,737234249.00
44431.00,14942.65,227.99,0.02,14776.98,14776.98,14963.47,782665013.00
44428.00,14714.66,172.88,0.01,14571.53,14571.53,14722.16,828727823.00
44427.00,14541.79,15.87,0.00,14423.16,14423.16,14610.76,841842784.00
44426.00,14525.91,-130.27,-0.01,14636.24,14516.30,14697.25,764919211.00
44425.00,14656.18,-137.58,-0.01,14670.56,14550.88,14716.95,797610476.00
44424.00,14793.76,-29.14,0.00,14771.53,14610.02,14794.68,774042932.00
44421.00,14822.90,6.64,0.00,14825.07,14797.22,14850.61,774675236.00
44420.00,14816.26,51.13,0.00,14751.36,14698.94,14824.31,783876363.00
44419.00,14765.14,-22.95,0.00,14834.38,14692.41,14842.50,787414054.00
44418.00,14788.09,-72.09,0.00,14887.75,14754.48,14894.61,781073842.00
44417.00,14860.18,24.41,0.00,14855.76,14802.69,14883.81,801118606.00
44414.00,14835.76,-59.35,0.00,14864.22,14788.59,14890.18,817603036.00
44413.00,14895.12,114.58,0.01,14794.08,14776.03,14896.48,842718187.00
44412.00,14780.53,19.24,0.00,14747.21,14734.12,14812.37,875560526.00
44411.00,14761.30,80.23,0.01,14714.00,14584.09,14762.60,831948664.00
44410.00,14681.07,8.39,0.00,14758.60,14665.67,14770.41,752758340.00
44407.00,14672.68,-105.59,-0.01,14615.85,14615.85,14728.79,788205706.00
44406.00,14778.26,15.68,0.00,14771.17,14761.38,14833.74,760012010.00
44405.00,14762.58,102.01,0.01,14715.66,14645.63,14798.88,839138233.00
44404.00,14660.58,-180.14,-0.01,14807.95,14503.76,14811.08,885235203.00
44403.00,14840.71,3.72,0.00,14821.03,14790.49,14863.65,850808959.00
44400.00,14836.99,152.39,0.01,14753.06,14698.77,14846.06,758411285.00
44399.00,14684.60,52.64,0.00,14652.72,14617.87,14694.19,712056629.00
44398.00,14631.95,133.08,0.01,14508.75,14498.65,14633.15,801830614.00
44397.00,14498.88,223.89,0.02,14330.46,14271.23,14555.75,1033470003.00
44396.00,14274.98,-152.25,-0.01,14235.98,14178.66,14313.60,916443497.00
44393.00,14427.24,-115.90,-0.01,14597.51,14413.32,14623.02,811424177.00
44392.00,14543.13,-101.82,-0.01,14635.78,14451.80,14650.38,832917657.00
44391.00,14644.95,-32.70,0.00,14780.90,14632.95,14790.55,862698378.00
44390.00,14677.65,-55.59,0.00,14715.13,14660.19,14803.68,805386696.00
44389.00,14733.24,31.32,0.00,14743.86,14672.63,14761.08,753860291.00
44386.00,14701.92,142.13,0.01,14578.43,14552.26,14710.20,756927198.00
44385.00,14559.79,-105.28,-0.01,14409.20,14371.59,14610.06,920115829.00
44384.00,14665.06,1.42,0.00,14753.42,14580.79,14755.33,889860820.00
44383.00,14663.64,24.31,0.00,14661.55,14529.80,14687.00,909249127.00
44379.00,14639.33,116.95,0.01,14582.98,14555.34,14649.11,724356287.00
44378.00,14522.38,18.42,0.00,14493.69,14439.40,14533.55,843428616.00
44377.00,14503.95,-24.38,0.00,14509.85,14478.06,14526.81,1081520142.00
44376.00,14528.34,27.83,0.00,14509.19,14471.38,14535.97,908396840.00
44375.00,14500.51,140.12,0.01,14417.81,14417.20,14505.19,898050186.00
44372.00,14360.39,-9.32,0.00,14400.81,14337.65,14409.08,3124153817.00
44371.00,14369.71,97.98,0.01,14357.27,14333.70,14414.46,807034978.00
44370.00,14271.73,18.47,0.00,14263.38,14246.30,14317.66,852776840.00
44369.00,14253.27,111.79,0.01,14138.29,14121.00,14269.77,891228587.00
44368.00,14141.48,111.10,0.01,14047.42,13960.04,14150.78,969704861.00
44365.00,14030.38,-130.97,-0.01,14096.93,14009.04,14129.22,2135672392.00
44364.00,14161.35,121.67,0.01,13999.13,13998.93,14196.21,990644508.00
44363.00,14039.68,-33.17,0.00,14085.55,13903.73,14129.69,981269264.00
44362.00,14072.86,-101.29,-0.01,14166.64,14052.16,14171.02,880025753.00
44361.00,14174.14,104.72,0.01,14083.47,14056.67,14175.45,895425686.00
44358.00,14069.42,49.09,0.00,14030.85,14006.59,14069.42,824117998.00
44357.00,14020.33,108.58,0.01,13933.88,13904.40,14031.19,929346718.00
44356.00,13911.75,-13.16,0.00,13980.23,13906.45,14003.50,1085629787.00
44355.00,13924.91,43.19,0.00,13946.32,13831.98,13981.72,1168922550.00
44354.00,13881.72,67.23,0.00,13802.82,13784.89,13889.11,916968454.00
44351.00,13814.49,199.98,0.01,13697.25,13692.01,13826.82,806244133.00
44350.00,13614.51,-141.82,-0.01,13655.75,13548.93,13684.13,1019613120.00
44349.00,13756.33,19.85,0.00,13743.24,13689.74,13775.89,996751921.00
44348.00,13736.48,-12.26,0.00,13829.06,13678.77,13836.17,884815094.00
44344.00,13748.74,12.46,0.00,13792.05,13747.61,13820.87,911241338.00
44343.00,13736.28,-1.72,0.00,13742.59,13701.63,13776.52,1412304903.00
44342.00,13738.00,80.82,0.01,13693.94,13679.59,13750.16,819714257.00
44341.00,13657.17,-4.00,0.00,13721.54,13631.80,13751.14,823660550.00
44340.00,13661.17,190.18,0.01,13557.21,13551.01,13708.85,730822921.00
44337.00,13470.99,-64.75,0.00,13616.19,13463.27,13616.58,786548938.00
44336.00,13535.74,236.00,0.02,13356.63,13355.71,13563.52,810406383.00
44335.00,13299.74,-3.90,0.00,13078.19,13072.23,13304.61,879285335.00
44334.00,13303.64,-75.41,-0.01,13416.90,13299.93,13485.35,852726007.00
44333.00,13379.05,-50.93,0.00,13368.80,13265.40,13399.17,799858487.00
44330.00,13429.98,304.99,0.02,13255.65,13242.97,13460.88,854904069.00
44329.00,13124.99,93.31,0.01,13150.94,13007.24,13247.87,986834779.00
44328.00,13031.68,-357.75,-0.03,13215.49,13002.54,13288.61,985256383.00
44327.00,13389.43,-12.43,0.00,13115.85,13107.67,13423.31,983049459.00
44326.00,13401.86,-350.38,-0.03,13687.60,13401.75,13687.93,1020166775.00
44323.00,13752.24,119.40,0.01,13723.09,13690.75,13828.62,873188820.00
44322.00,13632.84,50.42,0.00,13557.83,13439.39,13635.74,1041221565.00
44321.00,13582.42,-51.08,0.00,13731.13,13553.93,13753.05,909083776.00
44320.00,13633.50,-261.62,-0.02,13774.51,13485.59,13795.57,1092573348.00
44319.00,13895.12,-67.56,0.00,14031.77,13881.51,14042.12,919694575.00
44316.00,13962.68,-119.87,-0.01,13970.73,13941.63,14084.76,1024750363.00
44315.00,14082.55,31.52,0.00,14204.52,13952.80,14211.57,994153310.00
44314.00,14051.03,-39.19,0.00,14082.78,14034.70,14133.65,861229540.00
44313.00,14090.22,-48.56,0.00,14170.91,14064.28,14171.24,871200830.00
44312.00,14138.78,121.97,0.01,14052.38,14019.50,14154.03,867745142.00
44309.00,14016.81,198.40,0.01,13861.37,13856.83,14062.74,843297619.00
44308.00,13818.41,-131.81,-0.01,13952.57,13771.04,14015.87,871275744.00
44307.00,13950.22,163.95,0.01,13745.77,13706.86,13951.35,819759113.00
44306.00,13786.27,-128.50,-0.01,13894.46,13698.67,13927.67,875273507.00
44305.00,13914.77,-137.57,-0.01,13984.58,13842.57,14041.79,907063735.00
44302.00,14052.34,13.58,0.00,14059.11,13977.05,14062.50,962783240.00
44301.00,14038.76,180.92,0.01,13983.23,13970.42,14049.13,867560678.00
44300.00,13857.84,-138.26,-0.01,14004.08,13839.04,14033.63,812847005.00
44299.00,13996.10,146.10,0.01,13902.45,13902.45,14011.51,839449567.00
44298.00,13850.00,-50.19,0.00,13854.44,13783.95,13877.00,894010061.00
44295.00,13900.19,70.88,0.01,13787.02,13748.35,13905.41,785756260.00
44294.00,13829.31,140.47,0.01,13796.89,13758.71,13830.14,870914864.00
44293.00,13688.84,-9.54,0.00,13675.30,13653.59,13733.03,819484397.00
44292.00,13698.38,-7.21,0.00,13681.67,13674.28,13776.71,870629999.00
44291.00,13705.59,225.48,0.02,13594.90,13582.76,13720.58,916611526.00
44287.00,13480.11,233.24,0.02,13414.33,13404.18,13487.08,939156279.00
44286.00,13246.87,201.48,0.02,13122.57,13118.38,13325.54,1205593287.00
44285.00,13045.39,-14.26,0.00,13008.80,12922.57,13075.75,983511832.00
44284.00,13059.65,-79.07,-0.01,13103.97,12968.16,13143.41,1064035993.00
44281.00,13138.72,161.04,0.01,12996.03,12878.72,13149.55,1139334980.00
44280.00,12977.68,15.79,0.00,12844.58,12786.81,13021.86,1165861166.00
44279.00,12961.89,-265.81,-0.02,13289.24,12961.35,13292.92,1194402512.00
44278.00,13227.70,-149.84,-0.01,13381.44,13202.43,13405.15,1190513568.00
44277.00,13377.54,162.30,0.01,13278.78,13278.78,13455.64,1111502918.00
44274.00,13215.24,99.07,0.01,13119.90,13039.45,13252.37,2928182829.00
44273.00,13116.17,-409.03,-0.03,13349.20,13101.92,13384.46,1221989548.00
44272.00,13525.20,53.63,0.00,13336.92,13272.69,13595.00,1175361212.00
44271.00,13471.57,11.86,0.00,13523.17,13397.09,13620.71,1095654417.00
44270.00,13459.71,139.85,0.01,13323.47,13272.50,13460.35,1127316129.00
44267.00,13319.86,-78.81,-0.01,13222.81,13158.72,13324.69,1090622746.00
44266.00,13398.67,329.84,0.03,13273.31,13246.33,13433.62,1189158776.00
44265.00,13068.83,-4.99,0.00,13234.73,13035.44,13277.11,1215442881.00
44264.00,13073.82,464.66,0.04,12923.07,12882.49,13151.54,1277842972.00
44263.00,12609.16,-310.99,-0.02,12904.26,12599.23,13001.00,1271712766.00
44260.00,12920.15,196.68,0.02,12860.04,12397.05,12941.21,1556930410.00
44259.00,12723.47,-274.28,-0.02,12953.99,12553.96,13068.71,1577590261.00
44258.00,12997.75,-361.04,-0.03,13336.25,12995.07,13372.52,1162263124.00
44257.00,13358.79,-230.04,-0.02,13599.45,13352.00,13601.33,1077969583.00
44256.00,13588.83,396.48,0.03,13406.16,13362.66,13596.59,1095016164.00
44253.00,13192.35,72.92,0.01,13232.90,13024.53,13368.06,1443266581.00
44252.00,13119.43,-478.54,-0.04,13512.64,13066.38,13602.86,1331339988.00
44251.00,13597.97,132.77,0.01,13400.25,13286.59,13607.36,1239170644.00
44250.00,13465.20,-67.85,-0.01,13262.61,13003.98,13526.09,1640649105.00
44249.00,13533.05,-341.42,-0.02,13714.20,13530.96,13757.06,1369600766.00
44246.00,13874.47,9.11,0.00,13929.20,13842.60,13985.58,1314101508.00
44245.00,13865.36,-100.14,-0.01,13814.67,13714.35,13905.96,1236358515.00
44244.00,13965.50,-82.00,-0.01,13911.65,13804.26,13976.43,1348068187.00
44243.00,14047.50,-47.97,0.00,14152.22,13995.45,14175.12,1489414085.00
44239.00,14095.47,69.70,0.00,13979.21,13937.71,14102.04,1321168509.00
44238.00,14025.77,53.24,0.00,14045.21,13916.85,14058.91,1977343640.00
44237.00,13972.53,-35.17,0.00,14093.35,13845.47,14109.12,1829934580.00
44236.00,14007.70,20.06,0.00,13966.82,13966.55,14044.95,1524171983.00
44235.00,13987.64,131.35,0.01,13937.06,13894.15,13987.74,1614616879.00
44232.00,13856.30,78.55,0.01,13824.88,13761.66,13878.16,1258291186.00
44231.00,13777.74,167.20,0.01,13674.06,13631.62,13778.42,1291105249.00
44230.00,13610.54,-2.23,0.00,13718.31,13585.34,13723.83,1357279498.00
44229.00,13612.78,209.38,0.02,13543.10,13535.86,13652.70,1426151742.00
44228.00,13403.39,332.70,0.03,13226.18,13132.47,13431.46,1387188718.00
44225.00,13070.70,-266.46,-0.02,13284.72,12985.05,13322.00,1778892915.00
44224.00,13337.16,66.56,0.01,13323.29,13316.52,13507.64,2161862401.00
44223.00,13270.60,-355.47,-0.03,13486.58,13192.91,13538.42,2188789822.00
44222.00,13626.07,-9.93,0.00,13681.72,13603.19,13702.69,1249643143.00
44221.00,13635.99,92.93,0.01,13681.21,13368.68,13728.98,1432082595.00
44218.00,13543.06,12.15,0.00,13474.81,13463.66,13567.14,1134281012.00
44217.00,13530.92,73.67,0.01,13521.48,13454.08,13560.35,1339573196.00
44216.00,13457.25,260.07,0.02,13342.55,13329.77,13486.13,1291175525.00
44215.00,13197.18,198.68,0.02,13132.73,13078.70,13206.86,1218692364.00
44211.00,12998.50,-114.14,-0.01,13099.90,12949.76,13139.83,1258100594.00
44210.00,13112.64,-16.31,0.00,13174.76,13098.41,13220.16,1207956385.00
44209.00,13128.95,56.52,0.00,13088.01,13051.07,13171.15,1273948852.00
44208.00,13072.43,36.00,0.00,13062.06,12963.92,13105.04,1253424816.00
44207.00,13036.43,-165.54,-0.01,13048.78,12999.51,13138.27,1239166515.00
44204.00,13201.98,134.50,0.01,13160.22,13036.55,13208.09,1333527284.00
44203.00,13067.48,326.69,0.03,12867.34,12867.34,13090.91,1253074458.00
44202.00,12740.79,-78.17,-0.01,12666.15,12649.99,12909.63,1452037915.00
44201.00,12818.96,120.51,0.01,12665.65,12665.65,12828.27,1210780844.00
44200.00,12698.45,-189.83,-0.01,12958.52,12543.24,12958.73,1270118564.00
44196.00,12888.28,18.28,0.00,12877.09,12821.23,12902.07,987148390.00
44195.00,12870.00,19.78,0.00,12906.51,12857.76,12924.93,954009556.00
44194.00,12850.22,-49.20,0.00,12965.39,12821.96,12973.33,896812804.00
44193.00,12899.42,94.69,0.01,12914.64,12827.45,12930.89,978337087.00
44189.00,12804.73,33.62,0.00,12791.54,12767.64,12833.55,584092355.00
44188.00,12771.11,-36.80,0.00,12834.94,12758.67,12841.92,1232987959.00
44187.00,12807.92,65.40,0.01,12785.22,12695.31,12840.57,1114375429.00
44186.00,12742.52,-13.12,0.00,12596.14,12525.22,12751.27,1106823450.00
44183.00,12755.64,-9.11,0.00,12804.93,12654.61,12809.60,2805294717.00
44182.00,12764.75,106.56,0.01,12730.78,12696.35,12765.25,1019492986.00
44181.00,12658.19,63.13,0.01,12611.04,12566.38,12687.32,985821560.00
44180.00,12595.06,155.02,0.01,12543.26,12465.42,12596.13,915620739.00
44179.00,12440.04,62.17,0.01,12447.44,12432.71,12543.00,983309114.00
44176.00,12377.87,-27.94,0.00,12336.79,12246.77,12383.50,876144774.00
44175.00,12405.81,66.86,0.01,12247.55,12214.74,12431.56,893260144.00
44174.00,12338.95,-243.82,-0.02,12591.69,12290.78,12607.14,1074925148.00
44173.00,12582.77,62.83,0.01,12503.17,12453.21,12594.54,973772158.00
44172.00,12519.95,55.71,0.00,12461.00,12460.55,12536.23,931776523.00
44169.00,12464.23,87.05,0.01,12399.32,12376.44,12464.23,1000577803.00
44168.00,12377.18,27.82,0.00,12369.26,12356.99,12439.02,928311644.00
44167.00,12349.37,-5.74,0.00,12285.75,12217.35,12360.06,985810730.00
44166.00,12355.11,156.37,0.01,12313.36,12263.93,12405.79,1275873105.00
44165.00,12198.74,-7.11,0.00,12224.25,12027.16,12244.65,1759420921.00
44162.00,12205.85,111.44,0.01,12159.18,12154.57,12236.23,655992662.00
44160.00,12094.40,57.08,0.00,12053.89,12020.95,12114.77,899552669.00
44159.00,12037.33,156.69,0.01,11939.33,11863.45,12049.88,1274261263.00
44158.00,11880.63,25.66,0.00,11916.76,11796.53,11949.33,1054082353.00
44155.00,11854.97,-49.74,0.00,11892.70,11852.51,11935.47,1118949290.00
44154.00,11904.71,103.11,0.01,11779.04,11760.98,11912.64,1083630855.00
44153.00,11801.60,-97.74,-0.01,11896.06,11799.96,11942.49,963951121.00
44152.00,11899.34,-24.79,0.00,11913.35,11852.41,11950.18,849408563.00
44151.00,11924.13,94.84,0.01,11847.11,11814.89,11937.72,935396846.00
44148.00,11829.29,119.70,0.01,11794.94,11715.52,11849.79,787303337.00
44147.00,11709.59,-76.84,-0.01,11802.50,11666.37,11847.84,829443011.00
44146.00,11786.43,232.58,0.02,11656.65,11638.90,11793.58,819256491.00
44145.00,11553.86,-159.93,-0.01,11622.44,11424.61,11665.87,1032337518.00
44144.00,11713.78,-181.45,-0.02,12046.66,11703.49,12108.07,1405529670.00
44141.00,11895.23,4.30,0.00,11869.90,11737.13,11920.54,893716160.00
44140.00,11890.93,300.15,0.03,11816.33,11784.15,11924.28,828682085.00
44139.00,11590.78,430.21,0.04,11443.78,11394.21,11663.31,852150196.00
44138.00,11160.57,202.96,0.02,11038.66,11004.84,11213.92,710540961.00
44137.00,10957.61,46.02,0.00,11010.45,10830.95,11071.08,715791552.00
44134.00,10911.59,-274.00,-0.02,11103.47,10822.57,11129.81,873944802.00
44133.00,11185.59,180.73,0.02,11064.47,11030.19,11287.63,733265174.00
44132.00,11004.87,-426.48,-0.04,11230.90,10999.07,11249.95,856545820.00
44131.00,11431.35,72.41,0.01,11409.34,11361.86,11465.06,676348688.00
44130.00,11358.94,-189.34,-0.02,11440.64,11221.06,11545.63,690963372.00
44127.00,11548.28,42.28,0.00,11536.01,11434.86,11548.85,657556620.00
44126.00,11506.01,21.31,0.00,11526.98,11369.29,11548.77,750161029.00
44125.00,11484.69,-31.80,0.00,11530.39,11476.08,11613.79,753845694.00
44124.00,11516.49,37.51,0.00,11531.83,11471.24,11632.89,714588535.00
44123.00,11478.98,-192.67,-0.02,11732.34,11454.57,11778.11,755000684.00
44120.00,11671.66,-42.32,0.00,11761.83,11648.53,11827.42,741756050.00
44119.00,11713.97,-54.86,0.00,11559.88,11559.10,11740.68,661411955.00
44118.00,11768.83,-95.17,-0.01,11889.07,11714.35,11939.92,697014435.00
44117.00,11864.00,-12.36,0.00,11901.76,11821.83,11946.98,729331727.00
44116.00,11876.36,296.32,0.03,11732.33,11704.13,11965.54,830648668.00
44113.00,11580.05,158.97,0.01,11487.60,11476.66,11581.23,729772508.00
44112.00,11421.08,56.38,0.00,11443.35,11384.33,11448.23,715150792.00
44111.00,11364.70,210.00,0.02,11271.68,11258.35,11380.56,834934910.00
44110.00,11154.70,-177.88,-0.02,11314.53,11124.45,11392.41,936320248.00
44109.00,11332.58,257.47,0.02,11169.11,11162.52,11335.21,781320709.00
44106.00,11075.11,-251.49,-0.02,11082.53,11033.69,11244.87,810858795.00
44105.00,11326.61,158.93,0.01,11291.99,11240.53,11344.13,843821883.00
44104.00,11167.68,82.26,0.01,11092.90,11092.90,11277.96,1016601382.00
44103.00,11085.42,-32.28,0.00,11109.00,11065.63,11153.23,763316830.00
44102.00,11117.70,203.97,0.02,11084.38,11019.14,11120.80,840419497.00
44099.00,10913.73,241.30,0.02,10680.46,10639.98,10939.55,820006568.00
44098.00,10672.43,39.28,0.00,10551.02,10520.22,10799.55,923435358.00
44097.00,10633.15,-330.62,-0.03,10950.83,10612.92,10962.03,962398058.00
44096.00,10963.77,184.84,0.02,10873.30,10737.52,10979.65,845800257.00
44095.00,10778.94,-14.34,0.00,10610.14,10519.49,10782.74,1023354869.00
44092.00,10793.28,-117.00,-0.01,10973.45,10639.95,10977.68,2407246070.00
44091.00,10910.28,-140.19,-0.01,10796.05,10783.81,10974.45,936992506.00
44090.00,11050.47,-139.86,-0.01,11222.08,11046.43,11245.42,923763851.00
44089.00,11190.32,133.67,0.01,11193.96,11127.98,11244.46,828014857.00
44088.00,11056.65,203.11,0.02,11010.14,10982.26,11118.29,882028957.00
44085.00,10853.55,-66.05,-0.01,11010.07,10728.03,11033.05,817025236.00
44084.00,10919.59,-221.97,-0.02,11235.53,10875.02,11299.53,898019996.00
44083.00,11141.56,293.87,0.03,11064.77,10970.45,11217.69,861837930.00
44082.00,10847.69,-465.44,-0.04,10900.70,10837.20,11131.50,984130283.00
44078.00,11313.13,-144.97,-0.01,11396.24,10875.87,11531.19,1017212294.00
44077.00,11458.10,-598.34,-0.05,11861.90,11361.36,11894.40,1052813927.00
44076.00,12056.44,116.78,0.01,12047.26,11836.18,12074.07,903543670.00
44075.00,11939.67,164.21,0.01,11850.96,11794.78,11945.72,812614532.00
44074.00,11775.46,79.82,0.01,11718.81,11697.42,11829.84,940532498.00
44071.00,11695.63,70.30,0.01,11689.28,11634.77,11708.77,694248893.00
44070.00,11625.34,-39.72,0.00,11688.20,11551.01,11730.01,773519928.00
44069.00,11665.06,198.59,0.02,11516.62,11507.46,11672.05,738614784.00
44068.00,11466.47,86.75,0.01,11370.23,11343.04,11468.26,719873532.00
44067.00,11379.72,67.92,0.01,11449.25,11297.53,11462.05,837051277.00
44064.00,11311.80,46.85,0.00,11258.45,11245.44,11326.22,879964179.00
44063.00,11264.95,118.49,0.01,11096.40,11090.03,11283.62,830320536.00
44062.00,11146.46,-64.38,-0.01,11214.80,11132.10,11257.42,752241071.00
44061.00,11210.84,81.12,0.01,11170.75,11103.83,11230.62,736484959.00
44060.00,11129.73,110.42,0.01,11083.25,11080.30,11144.53,741240790.00
44057.00,11019.30,-23.20,0.00,11042.24,10972.06,11058.44,729019944.00
44056.00,11042.50,30.27,0.00,11026.86,11007.50,11124.85,750921369.00
44055.00,11012.24,229.42,0.02,10878.12,10877.16,11036.72,811574131.00
44054.00,10782.82,-185.53,-0.02,10942.66,10762.71,10989.42,969232739.00
44053.00,10968.36,-42.63,0.00,11033.73,10849.46,11040.24,894843598.00
44050.00,11010.98,-97.09,-0.01,11072.53,10920.37,11126.04,891076744.00
44049.00,11108.07,109.67,0.01,10989.98,10963.41,11121.19,876405114.00
44048.00,10998.40,57.23,0.01,10967.87,10943.72,11002.11,887008171.00
44047.00,10941.17,38.37,0.00,10897.89,10852.90,10941.91,886041801.00
44046.00,10902.80,157.52,0.01,10848.64,10831.15,10927.56,904386396.00
44043.00,10745.28,157.46,0.01,10741.47,10557.70,10747.80,1086466605.00
44042.00,10587.81,44.87,0.00,10450.12,10412.09,10609.59,897256519.00
44041.00,10542.94,140.85,0.01,10474.70,10464.00,10567.91,878491132.00
44040.00,10402.09,-134.17,-0.01,10509.20,10397.87,10523.64,810995931.00
44039.00,10536.27,173.09,0.02,10421.70,10399.86,10546.44,912982063.00
44036.00,10363.18,-98.24,-0.01,10294.41,10217.31,10418.75,909485655.00
44035.00,10461.42,-244.71,-0.02,10689.50,10407.87,10728.12,990587162.00
44034.00,10706.13,25.76,0.00,10687.58,10627.45,10745.32,841396938.00
44033.00,10680.36,-86.73,-0.01,10837.88,10650.46,10839.93,1063395292.00
44032.00,10767.09,263.90,0.03,10526.02,10488.04,10783.80,937325536.00
44029.00,10503.19,29.36,0.00,10500.52,10421.21,10532.62,951843149.00
44028.00,10473.83,-76.66,-0.01,10443.87,10364.39,10499.79,873486243.00
44027.00,10550.49,61.92,0.01,10576.72,10420.54,10604.67,1044230288.00
44026.00,10488.58,97.73,0.01,10310.25,10182.46,10497.83,974172730.00
44025.00,10390.84,-226.60,-0.02,10729.92,10368.04,10824.79,1075368791.00
44022.00,10617.44,69.69,0.01,10545.91,10447.01,10622.35,781917531.00
44021.00,10547.75,55.25,0.01,10563.72,10379.91,10578.10,901214585.00
44020.00,10492.50,148.61,0.01,10409.35,10350.96,10494.64,901928853.00
44019.00,10343.89,-89.76,-0.01,10412.46,10337.98,10518.98,946994389.00
44018.00,10433.65,226.02,0.02,10360.38,10354.98,10462.05,1043742063.00
44014.00,10207.63,53.00,0.01,10268.67,10194.06,10310.36,886999961.00
44013.00,10154.63,95.86,0.01,10063.67,10048.04,10197.19,972052263.00
44012.00,10058.77,184.61,0.02,9875.29,9863.67,10085.59,1102033922.00
44011.00,9874.15,116.93,0.01,9771.72,9663.61,9877.34,977007592.00
44008.00,9757.22,-259.78,-0.03,9995.12,9749.07,10000.67,2668506334.00
44007.00,10017.00,107.84,0.01,9899.36,9810.47,10023.28,1056340818.00
44006.00,9909.17,-222.20,-0.02,10092.92,9842.22,10137.50,1258794402.00
44005.00,10131.37,74.89,0.01,10130.83,10112.44,10221.85,1184852739.00
44004.00,10056.48,110.35,0.01,9945.49,9916.60,10059.61,1060559663.00
44001.00,9946.12,3.07,0.00,10042.13,9872.94,10053.91,2388420659.00
44000.00,9943.05,32.52,0.00,9892.48,9885.66,9959.20,1028718376.00
43999.00,9910.53,14.66,0.00,9943.31,9891.81,9991.21,1012024086.00
43998.00,9895.87,169.84,0.02,9949.78,9748.38,9963.63,1085057568.00
43997.00,9726.02,137.21,0.01,9426.90,9403.00,9756.07,1080269866.00
43994.00,9588.81,96.08,0.01,9715.87,9413.62,9768.64,1041634628.00
43993.00,9492.73,-527.62,-0.05,9791.24,9491.31,9868.08,1252451126.00
43992.00,10020.35,66.59,0.01,10012.32,9962.58,10086.89,1110859302.00
43991.00,9953.75,29.01,0.00,9867.19,9863.27,10002.50,1122741508.00
43990.00,9924.75,110.66,0.01,9823.44,9780.61,9927.13,1344751891.00
43987.00,9814.08,198.27,0.02,9703.54,9685.35,9845.69,1435935314.00
43986.00,9615.81,-67.10,-0.01,9649.65,9560.41,9716.14,1288964312.00
43985.00,9682.91,74.54,0.01,9651.86,9627.18,9707.78,1013545238.00
43984.00,9608.38,56.33,0.01,9566.53,9472.08,9611.22,908581743.00
43983.00,9552.05,62.18,0.01,9471.42,9462.32,9571.28,878987978.00
43980.00,9489.87,120.88,0.01,9382.35,9324.73,9505.55,1450482819.00
43979.00,9368.99,-43.37,0.00,9392.99,9345.28,9523.64,877385817.00
43978.00,9412.36,72.14,0.01,9346.12,9144.28,9414.62,951522411.00
43977.00,9340.22,15.63,0.00,9501.21,9333.16,9501.21,967896098.00
43973.00,9324.59,39.71,0.00,9278.55,9239.41,9328.28,746032592.00
43972.00,9284.88,-90.90,-0.01,9375.19,9254.85,9405.25,785337390.00
43971.00,9375.78,190.67,0.02,9305.62,9304.20,9392.82,938191847.00
43970.00,9185.10,-49.72,-0.01,9227.46,9183.25,9317.25,869452469.00
43969.00,9234.83,220.27,0.02,9177.15,9154.35,9267.22,968793346.00
43966.00,9014.56,70.84,0.01,8839.99,8821.38,9018.40,1025068205.00
43965.00,8943.72,80.55,0.01,8788.04,8705.25,8945.71,883246887.00
43964.00,8863.17,-139.38,-0.02,9006.05,8752.68,9074.16,952962245.00
43963.00,9002.55,-189.79,-0.02,9225.15,9000.07,9250.96,922432329.00
43962.00,9192.34,71.02,0.01,9054.91,9053.18,9241.92,878429363.00
43959.00,9121.32,141.66,0.02,9056.89,9018.21,9125.98,824608988.00
43958.00,8979.66,125.27,0.01,8973.78,8932.86,9015.99,831292235.00
43957.00,8854.39,45.27,0.01,8874.70,8819.37,8933.25,782814975.00
43956.00,8809.12,98.41,0.01,8809.66,8781.31,8909.96,834177559.00
43955.00,8710.72,105.77,0.01,8555.32,8537.83,8715.82,806275006.00
43952.00,8604.95,-284.60,-0.03,8681.29,8566.84,8754.46,868792838.00
43951.00,8889.55,-25.16,0.00,8911.02,8825.84,8926.11,1128314486.00
43950.00,8914.71,306.98,0.04,8802.70,8765.01,8957.27,1033298624.00
43949.00,8607.73,-122.43,-0.01,8825.69,8600.70,8830.57,846775211.00
43948.00,8730.16,95.64,0.01,8717.98,8697.37,8754.57,807920247.00
43945.00,8634.52,139.77,0.02,8530.08,8464.43,8642.93,797877591.00
43944.00,8494.75,-0.63,0.00,8528.84,8475.20,8635.23,854516397.00
43943.00,8495.38,232.15,0.03,8434.55,8404.54,8537.31,733431433.00
43942.00,8263.23,-297.50,-0.03,8460.69,8215.69,8480.29,881563160.00
43941.00,8560.73,-89.41,-0.01,8553.38,8553.38,8684.91,876313148.00
43938.00,8650.14,117.78,0.01,8667.48,8531.69,8670.30,1064471731.00
43937.00,8532.36,139.19,0.02,8479.11,8393.27,8560.16,919559319.00
43936.00,8393.18,-122.56,-0.01,8355.96,8308.79,8464.66,794060385.00
43935.00,8515.74,323.32,0.04,8353.21,8338.09,8531.11,849817007.00
43934.00,8192.43,38.85,0.00,8127.69,8035.95,8200.44,761869030.00
43930.00,8153.58,62.67,0.01,8169.01,8072.32,8227.91,925798483.00
43929.00,8090.90,203.64,0.03,7975.72,7901.94,8114.43,838251798.00
43928.00,7887.26,-25.98,0.00,8129.99,7881.22,8146.43,1002730677.00
43927.00,7913.24,540.16,0.07,7660.17,7617.79,7938.33,980152392.00
43924.00,7373.08,-114.23,-0.02,7477.27,7288.11,7518.72,836098661.00
43923.00,7487.31,126.73,0.02,7317.45,7307.95,7501.70,912993901.00
43922.00,7360.58,-339.52,-0.04,7459.50,7301.98,7566.37,914106691.00
43921.00,7700.10,-74.05,-0.01,7740.06,7642.86,7880.31,1095330654.00
43920.00,7774.15,271.77,0.04,7583.46,7539.97,7784.35,926446666.00
43917.00,7502.38,-295.16,-0.04,7554.25,7491.14,7716.24,1002882259.00
43916.00,7797.54,413.24,0.06,7462.21,7462.21,7809.83,1006394523.00
43915.00,7384.30,-33.56,0.00,7421.36,7276.40,7671.21,1193550706.00
43914.00,7417.86,557.18,0.08,7196.15,7169.86,7418.37,1147585759.00
43913.00,6860.67,-18.84,0.00,6847.28,6631.42,6984.94,1083631654.00
43910.00,6879.52,-271.06,-0.04,7248.07,6854.67,7354.44,1641981127.00
43909.00,7150.58,160.73,0.02,6996.45,6858.38,7341.38,1188511256.00
43908.00,6989.84,-344.94,-0.05,6902.32,6686.36,7182.83,1263466646.00
43907.00,7334.78,430.19,0.06,6904.59,6828.91,7406.23,1293373535.00
43906.00,6904.59,-970.28,-0.12,7392.73,6882.86,7422.20,1268183261.00
43903.00,7874.88,673.07,0.09,7610.39,7219.09,7875.93,1251666079.00
43902.00,7201.80,-750.25,-0.09,7398.58,7194.67,7712.33,1335088474.00
43901.00,7952.05,-392.20,-0.05,8136.25,7850.95,8181.36,1064170640.00
43900.00,8344.25,393.58,0.05,8219.76,7930.43,8347.40,1123307711.00
43899.00,7950.68,-624.94,-0.07,7957.93,7943.16,8243.31,1201402023.00
43896.00,8575.62,-162.98,-0.02,8469.02,8375.13,8612.36,1046721998.00
43895.00,8738.60,-279.49,-0.03,8790.09,8677.39,8921.08,901109746.00
43894.00,9018.09,334.00,0.04,8834.10,8757.66,9019.96,878056975.00
43893.00,8684.09,-268.08,-0.03,8965.10,8602.89,9070.32,1099224976.00
43892.00,8952.17,384.80,0.04,8667.14,8543.35,8952.81,1099672192.00
43889.00,8567.37,0.89,0.00,8269.74,8264.16,8591.82,1444401818.00
43888.00,8566.48,-414.30,-0.05,8744.03,8562.05,8904.11,1146902266.00
43887.00,8980.78,15.16,0.00,9011.55,8927.80,9148.32,870349213.00
43886.00,8965.61,-255.67,-0.03,9301.20,8940.49,9315.26,871817911.00
43885.00,9221.28,-355.31,-0.04,9188.44,9166.01,9322.88,795200877.00
43882.00,9576.59,-174.38,-0.02,9708.01,9542.33,9715.95,699672946.00
43881.00,9750.97,-66.22,-0.01,9799.20,9636.94,9820.86,646920347.00
43880.00,9817.18,84.44,0.01,9782.81,9777.10,9838.37,580066444.00
43879.00,9732.74,1.57,0.00,9679.04,9675.80,9747.68,555308640.00
43875.00,9731.18,19.21,0.00,9728.90,9693.05,9746.36,536343195.00
43874.00,9711.97,-13.99,0.00,9657.04,9650.02,9748.32,545841789.00
43873.00,9725.96,87.02,0.01,9688.60,9666.69,9728.77,589706260.00
43872.00,9638.94,10.55,0.00,9680.89,9617.21,9714.74,567798601.00
43871.00,9628.39,107.88,0.01,9493.63,9493.63,9628.66,546598631.00
43868.00,9520.51,-51.64,-0.01,9526.64,9496.53,9570.09,549787899.00
43867.00,9572.15,63.47,0.01,9540.98,9505.68,9575.66,582672232.00
43866.00,9508.68,40.71,0.00,9574.10,9454.93,9574.94,625908500.00
43865.00,9467.97,194.57,0.02,9398.39,9374.05,9485.38,607827826.00
43864.00,9273.40,122.47,0.01,9190.72,9188.55,9299.85,623269643.00
43861.00,9150.94,-148.00,-0.02,9324.33,9123.22,9324.80,695765665.00
43860.00,9298.93,23.77,0.00,9211.15,9185.18,9303.00,573683707.00
43859.00,9275.16,5.48,0.00,9318.26,9249.04,9329.12,548873190.00
43858.00,9269.68,130.37,0.01,9201.82,9182.33,9288.87,530773765.00
43857.00,9139.31,-175.60,-0.02,9092.46,9088.04,9185.45,686776501.00
43854.00,9314.91,-87.57,-0.01,9446.21,9273.23,9451.43,629464577.00
43853.00,9402.48,18.71,0.00,9377.72,9334.13,9409.20,611038179.00
43852.00,9383.77,12.96,0.00,9413.61,9375.13,9439.29,580341392.00
43851.00,9370.81,-18.14,0.00,9361.07,9350.20,9397.58,691597126.00
43847.00,9388.94,31.81,0.00,9392.37,9346.81,9393.48,659466724.00
43846.00,9357.13,98.44,0.01,9313.45,9301.32,9357.92,567146279.00
43845.00,9258.70,7.37,0.00,9253.76,9231.14,9298.82,584767992.00
43844.00,9251.33,-22.60,0.00,9270.61,9226.49,9298.33,624219655.00
43843.00,9273.93,95.07,0.01,9213.72,9193.06,9274.49,605161501.00
43840.00,9178.86,-24.56,0.00,9232.95,9164.66,9235.20,585082910.00
43839.00,9203.43,74.18,0.01,9202.27,9158.50,9215.95,601329624.00
43838.00,9129.24,60.66,0.01,9068.03,9059.38,9168.89,595812172.00
43837.00,9068.58,-2.88,0.00,9076.65,9042.55,9091.93,552230912.00
43836.00,9071.47,50.69,0.01,8943.50,8943.50,9072.41,690232101.00
43833.00,9020.77,-71.42,-0.01,8976.43,8976.43,9065.76,618554971.00
43832.00,9092.19,,,9039.46,9010.89,9093.43,654950874.00